Year,Month,DayofMonth,DayOfWeek,DepTime,CRSDepTime,ArrTime,CRSArrTime,UniqueCarrier,FlightNum,TailNum,ActualElapsedTime,CRSElapsedTime,AirTime,ArrDelay,DepDelay,Origin,Dest,Distance,TaxiIn,TaxiOut,Cancelled,CancellationCode,Diverted,CarrierDelay,WeatherDelay,NASDelay,SecurityDelay,LateAircraftDelay
2006,11,28,2,1358,1335,2111,2109,DL,1648,N648DL,253,274,232,2,23,SFO,ATL,2139,8,13,0,,0,0,0,0,0,0
2006,3,27,1,1022,1017,1617,1601,DL,344,N841MH,235,224,197,16,5,SLC,ATL,1589,6,32,0,,0,0,0,16,0,0
2006,3,2,4,630,630,755,805,WN,824,N205,145,155,130,-10,0,BDL,MDW,777,5,10,0,,0,0,0,0,0,0
2006,4,28,5,1640,1620,1938,1935,WN,2154,N617SW,118,135,105,3,20,STL,TPA,869,3,10,0,,0,0,0,0,0,0
2006,7,10,1,1750,1800,1822,1832,AQ,275,N824AL,32,32,22,-10,-10,OGG,HNL,100,5,5,0,,0,0,0,0,0,0
2006,5,20,6,1944,1950,2239,2245,B6,1248,N206JB,175,175,161,-6,-6,TPA,BOS,1185,4,10,0,,0,0,0,0,0,0
2006,5,30,2,1710,1716,1820,1826,DL,1504,N986DL,70,70,46,-6,-6,CHS,ATL,259,10,14,0,,0,0,0,0,0,0
2006,5,11,4,1534,1425,1800,1650,WN,317,N662SW,146,145,130,70,69,PHL,MCO,861,5,11,0,,0,0,0,1,0,69
2006,12,24,7,1252,1255,1442,1500,EV,4344,N867AS,110,125,90,-18,-3,ATL,ROC,749,7,13,0,,0,0,0,0,0,0
2006,9,7,4,1712,1535,1808,1625,MQ,4595,N722AE,116,110,91,103,97,DCA,BNA,562,8,17,0,,0,0,0,6,0,97
2006,2,15,3,1405,1410,1630,1650,FL,164,N940AT,145,160,127,-20,-5,DTW,MCO,957,7,11,0,,0,0,0,0,0,0
2006,9,25,1,1648,1650,1753,1755,WN,1301,N636WN,65,65,57,-2,-2,SMF,BUR,358,1,7,0,,0,0,0,0,0,0
2006,9,29,5,1635,1550,1927,1826,DL,750,N615DL,172,156,112,61,45,JFK,ATL,760,8,52,0,,0,45,0,16,0,0
2006,8,25,5,1500,1500,1518,1524,YV,2715,N37228,138,144,121,-6,0,OKC,PHX,833,6,11,0,,0,0,0,0,0,0
2006,10,26,4,734,735,831,835,MQ,3354,N918AE,57,60,46,-4,-1,DAL,SAT,248,3,8,0,,0,0,0,0,0,0
2006,7,7,5,643,645,905,937,CO,1131,N16650,202,232,172,-32,-2,EWR,DFW,1372,11,19,0,,0,0,0,0,0,0
2006,12,3,7,NA,615,NA,822,OH,5051,0,NA,127,NA,NA,NA,ALB,CVG,623,0,0,1,A,0,0,0,0,0,0
2006,3,2,4,1300,1300,1348,1355,DL,1458,N307WA,48,55,36,-7,0,JAC,SLC,205,3,9,0,,0,0,0,0,0,0
2006,12,4,1,1714,1600,1813,1655,MQ,4045,N650AE,59,55,38,78,74,ORD,DBQ,147,3,18,0,,0,0,0,4,0,74
2006,7,11,2,1021,955,1306,1242,US,17,N177UW,345,347,302,24,26,PHL,LAX,2401,11,32,0,,0,23,0,0,0,1
2006,3,16,4,615,620,654,718,OH,5459,N989CA,39,58,29,-24,-5,FWA,CVG,136,3,7,0,,0,0,0,0,0,0
2006,5,1,1,1721,1727,1852,1913,OO,6661,N715SK,91,106,77,-21,-6,BOI,DEN,649,7,7,0,,0,0,0,0,0,0
2006,7,5,3,851,855,1339,1347,US,590,N314AW,168,172,145,-8,-4,PHX,MCI,1044,3,20,0,,0,0,0,0,0,0
2006,2,13,1,1658,1705,1928,2003,NW,1151,N363NB,150,178,134,-35,-7,MSP,IAH,1034,6,10,0,,0,0,0,0,0,0
2006,2,18,6,1738,1615,102,26,AA,180,N338AA,264,311,247,36,83,LAX,JFK,2475,5,12,0,,0,7,0,0,0,29
2006,7,30,7,1643,1648,1730,1745,AA,2208,N468AA,47,57,31,-15,-5,OKC,DFW,175,8,8,0,,0,0,0,0,0,0
2006,6,16,5,1918,1910,2242,2240,WN,549,N461,144,150,129,2,8,MDW,MCO,989,5,10,0,,0,0,0,0,0,0
2006,10,20,5,1228,1230,1511,1447,UA,1573,N467UA,163,137,120,24,-2,IAD,TPA,810,2,41,0,,0,0,0,24,0,0
2006,2,24,5,1025,1025,1205,1159,OO,6917,N756SK,160,154,128,6,0,ORD,COS,911,4,28,0,,0,0,0,0,0,0
2006,6,12,1,1214,1115,1316,1230,WN,2581,N620SW,62,75,50,46,59,SAN,LAS,258,4,8,0,,0,30,0,0,0,16
2006,4,3,1,1112,1115,1246,1234,UA,523,N365UA,94,79,64,12,-3,DEN,SLC,391,2,28,0,,0,0,0,0,0,0
2006,12,30,6,1856,1845,2021,2015,WN,1390,N246,85,90,73,6,11,SAN,SMF,480,5,7,0,,0,0,0,0,0,0
2006,8,1,2,825,828,946,951,OO,6563,N965SW,141,143,127,-5,-3,DEN,BUR,850,4,10,0,,0,0,0,0,0,0
2006,6,3,6,1706,1705,2016,1949,NW,758,N329NW,130,104,88,27,1,MSP,DTW,528,11,31,0,,0,0,0,27,0,0
2006,5,25,4,1748,1745,1958,2010,US,312,N713UW,130,145,118,-12,3,FLL,DCA,899,3,9,0,,0,0,0,0,0,0
2006,4,16,7,1351,1350,1638,1655,B6,555,N550JB,167,185,146,-17,1,EWR,RSW,1068,3,18,0,,0,0,0,0,0,0
2006,4,11,2,1236,1240,1402,1337,CO,1758,N14668,86,57,41,25,-4,AUS,IAH,140,11,34,0,,0,0,0,25,0,0
2006,6,4,7,1145,1143,1339,1345,NW,361,N595NW,234,242,210,-6,2,MSP,SFO,1589,4,20,0,,0,0,0,0,0,0
2006,7,26,3,2039,2040,453,500,B6,488,N638JB,314,320,474,-7,-1,LGB,BOS,2602,3,17,0,,0,0,0,0,0,0
2006,6,12,1,2043,2029,2131,2115,OO,6173,N295SW,48,46,35,16,14,SMF,SFO,86,6,7,0,,0,16,0,0,0,0
2006,4,12,3,612,620,736,750,F9,403,N937FR,144,150,124,-14,-8,IAH,DEN,861,11,9,0,,0,0,0,0,0,0
2006,8,5,6,921,920,922,925,WN,554,N300SW,61,65,50,-3,1,SDF,BHM,323,3,8,0,,0,0,0,0,0,0
2006,12,24,7,849,645,1231,1015,AA,1626,N4XVAA,162,150,136,136,124,ORD,TPA,1012,4,22,0,,0,124,0,12,0,0
2006,11,15,3,2128,1915,45,2215,DL,794,N939DL,137,120,105,150,133,ORD,ATL,606,8,24,0,,0,0,0,17,0,133
2006,1,30,1,850,855,946,955,XE,3129,N14562,56,60,40,-9,-5,LFT,IAH,201,8,8,0,,0,0,0,0,0,0
2006,9,24,7,1221,1230,1232,1245,XE,2646,N16919,71,75,55,-13,-9,CLE,MKE,328,4,12,0,,0,0,0,0,0,0
2006,7,14,5,706,710,820,844,DL,935,N687DL,74,94,54,-24,-4,RDU,ATL,356,6,14,0,,0,0,0,0,0,0
2006,12,19,2,1451,1408,1646,1556,US,1748,N511AU,115,108,86,50,43,CLT,PVD,683,3,26,0,,0,0,0,7,0,43
2006,5,6,6,1500,1500,1614,1620,WN,1398,N495,74,80,64,-6,0,OAK,LAS,407,4,6,0,,0,0,0,0,0,0
2006,2,10,5,1435,1435,1605,1557,XE,2016,N12946,90,82,54,8,0,IAH,MOB,427,11,25,0,,0,0,0,0,0,0
2006,6,8,4,1142,1145,1442,1420,AA,2472,N443AA,180,155,132,22,-3,AUS,ORD,978,39,9,0,,0,0,0,22,0,0
2006,11,11,6,1209,1209,1329,1319,NW,1401,N355NB,80,70,53,10,0,DTW,IND,231,9,18,0,,0,0,0,0,0,0
2006,5,25,4,1905,1820,1950,1920,WN,1764,N388SW,45,60,33,30,45,LAS,ONT,197,2,10,0,,0,3,0,0,0,27
2006,6,11,7,1952,1955,2255,2315,AA,1222,N202AA,123,140,105,-20,-3,STL,LGA,887,7,11,0,,0,0,0,0,0,0
2006,2,28,2,1717,1719,1804,1809,MQ,3247,N301AE,47,50,27,-5,-2,DFW,ACT,89,3,17,0,,0,0,0,0,0,0
2006,1,29,7,1812,1740,1945,1920,WN,1603,N376,153,160,140,25,32,BWI,JAN,888,2,11,0,,0,0,0,0,0,25
2006,6,16,5,1205,1210,1248,1303,MQ,3338,N301AE,43,53,26,-15,-5,TYR,DFW,103,11,6,0,,0,0,0,0,0,0
2006,9,30,6,1626,1634,1715,1722,FL,223,N995AT,109,108,93,-7,-8,CLT,MDW,584,6,10,0,,0,0,0,0,0,0
2006,6,6,2,1816,1825,2130,2136,UA,568,N340UA,134,131,119,-6,-9,SNA,DEN,846,6,9,0,,0,0,0,0,0,0
2006,12,14,4,708,700,943,914,NW,1260,N366NW,95,74,61,29,8,MSP,GRR,408,5,29,0,,0,8,0,21,0,0
2006,5,27,6,1909,1900,2055,2025,MQ,4865,N822AE,106,85,63,30,9,LGA,BGR,378,5,38,0,,0,9,0,21,0,0
2006,8,24,4,836,847,941,945,AS,98,N964AS,65,58,48,-4,-11,FAI,ANC,261,6,11,0,,0,0,0,0,0,0
2006,7,17,1,1832,1710,2253,2122,CO,426,N39343,201,192,167,91,82,IAH,BWI,1235,6,28,0,,0,82,0,9,0,0
2006,7,29,6,1511,1507,2220,2211,US,630,N665AW,249,244,225,9,4,PHX,PIT,1813,5,19,0,,0,0,0,0,0,0
2006,10,26,4,1008,1010,1227,1225,AA,1199,N469AA,199,195,173,2,-2,DCA,DFW,1192,6,20,0,,0,0,0,0,0,0
2006,3,9,4,2007,2010,2113,2120,B6,1018,N187JB,66,70,31,-7,-3,JFK,BOS,187,6,29,0,,0,0,0,0,0,0
2006,11,6,1,NA,1232,NA,1315,AS,65,N791AS,NA,43,NA,NA,NA,PSG,JNU,123,0,0,1,B,0,0,0,0,0,0
2006,3,9,4,732,735,1010,1024,YV,7398,N77181,98,109,75,-14,-3,ORD,MDT,594,7,16,0,,0,0,0,0,0,0
2006,6,1,4,1128,1130,1449,1505,F9,232,N904FR,141,155,124,-16,-2,DEN,BNA,1013,6,11,0,,0,0,0,0,0,0
2006,4,21,5,1000,1000,1500,1525,WN,1921,N234,180,205,170,-25,0,PHX,MDW,1444,5,5,0,,0,0,0,0,0,0
2006,11,6,1,2054,2055,2132,2135,AQ,87,N807AL,38,40,26,-3,-1,KOA,HNL,163,4,8,0,,0,0,0,0,0,0
2006,11,2,4,937,930,1116,1115,US,1961,N610AU,99,105,76,1,7,CLT,TPA,508,4,19,0,,0,0,0,0,0,0
2006,6,23,5,2253,2030,2400,2146,EV,4709,N753EV,67,76,48,134,143,GSO,ATL,306,10,9,0,,0,0,0,0,0,134
2006,11,30,4,1235,1225,1353,1325,MQ,3964,N652RS,78,60,42,28,10,ORD,CID,196,8,28,0,,0,0,0,18,0,10
2006,9,10,7,1429,1429,1524,1531,YV,7296,N502MJ,55,62,38,-7,0,IAD,ORF,157,4,13,0,,0,0,0,0,0,0
2006,5,15,1,1014,1010,1235,1236,US,1625,N817MD,81,86,68,-1,4,ORD,PIT,412,4,9,0,,0,0,0,0,0,0
2006,5,29,1,1949,1647,2037,1738,MQ,3351,N638AE,48,51,28,179,182,DFW,ABI,158,5,15,0,,0,0,0,0,0,179
2006,10,24,2,1803,1810,2023,2022,FL,421,N979AT,140,132,116,1,-7,MCO,BWI,787,9,15,0,,0,0,0,0,0,0
2006,12,3,7,2052,2048,2214,2216,UA,729,N531UA,142,148,123,-2,4,DEN,SMF,910,3,16,0,,0,0,0,0,0,0
2006,6,19,1,925,925,1120,1115,OH,5541,N987CA,115,110,71,5,0,JFK,CLE,425,5,39,0,,0,0,0,0,0,0
2006,1,30,1,1204,1100,1336,1209,OO,6198,N220SW,92,69,72,87,64,RDD,SFO,199,6,14,0,,0,0,0,87,0,0
2006,3,12,7,1800,1653,2120,2029,EV,4153,N706EV,140,156,132,51,67,MSP,ATL,906,8,0,0,,0,51,0,0,0,0
2006,2,3,5,1453,1500,1548,1602,OO,3691,N214SW,55,62,43,-14,-7,SUN,SLC,223,6,6,0,,0,0,0,0,0,0
2006,3,31,5,1825,1820,1936,1940,WN,603,N333,71,80,62,-4,5,MCI,MDW,405,4,5,0,,0,0,0,0,0,0
2006,8,8,2,1617,1617,1850,1851,YV,2944,N908FJ,153,154,132,-1,0,PHX,EUG,952,5,16,0,,0,0,0,0,0,0
2006,11,15,3,1501,1450,1618,1610,MQ,4188,N833AE,137,140,102,8,11,RIC,ORD,642,7,28,0,,0,0,0,0,0,0
2006,6,18,7,733,740,1003,1005,EV,4256,N759EV,210,205,191,-2,-7,MKE,SLC,1246,3,16,0,,0,0,0,0,0,0
2006,2,15,3,1628,1630,1716,1713,OO,6156,N293SW,48,43,31,3,-2,SAN,LAX,109,3,14,0,,0,0,0,0,0,0
2006,5,18,4,1356,1400,1809,1815,AA,562,N531AA,193,195,170,-6,-4,DFW,PHL,1302,4,19,0,,0,0,0,0,0,0
2006,10,22,7,NA,2020,NA,2220,WN,2160,0,NA,240,NA,NA,NA,BNA,LAS,1588,0,0,1,A,0,0,0,0,0,0
2006,5,4,4,611,618,713,736,OO,3710,N579SW,62,78,54,-23,-7,SGU,SLC,269,2,6,0,,0,0,0,0,0,0
2006,2,7,2,1740,1750,2006,2006,FL,497,N946AT,146,136,127,0,-10,BWI,MCO,787,8,11,0,,0,0,0,0,0,0
2006,9,2,6,1805,1405,NA,1537,MQ,4656,N816AE,NA,92,NA,NA,240,RDU,JFK,426,0,33,0,,1,0,0,0,0,0
2006,12,31,7,1219,1200,1318,1305,MQ,4552,N728AE,59,65,39,13,19,EWR,BOS,200,5,15,0,,0,0,0,0,0,0
2006,1,12,4,2036,2040,2247,2310,WN,312,N759,71,90,62,-23,-4,MDW,BUF,468,3,6,0,,0,0,0,0,0,0
2006,9,21,4,1949,1950,2052,2100,MQ,3359,N509AE,63,70,45,-8,-1,DFW,LIT,304,5,13,0,,0,0,0,0,0,0
2006,11,19,7,1657,1655,2001,2009,XE,3108,N11193,124,134,107,-8,2,IAH,SDF,788,6,11,0,,0,0,0,0,0,0
2006,1,1,7,644,635,1035,1022,US,419,N665AW,351,347,307,13,9,BDL,PHX,2213,7,37,0,,0,0,0,0,0,0
2006,7,9,7,1722,1730,1838,1839,UA,406,N455UA,136,129,120,-1,-8,AUS,DEN,775,6,10,0,,0,0,0,0,0,0
2006,2,8,3,1853,1820,2030,2011,MQ,4685,N829AE,157,171,123,19,33,JFK,ORD,740,11,23,0,,0,0,0,0,0,19
2006,12,19,2,928,925,1111,1110,MQ,3581,N612AE,103,105,79,1,3,DFW,HSV,603,4,20,0,,0,0,0,0,0,0
2006,3,22,3,959,955,1058,1059,US,105,N823AW,59,64,43,-1,4,LAX,LAS,236,4,12,0,,0,0,0,0,0,0
2006,6,25,7,1747,1715,1837,1806,MQ,3247,N376AE,50,51,24,31,32,DFW,ACT,89,5,21,0,,0,31,0,0,0,0
2006,7,15,6,729,735,937,942,UA,1186,N399UA,68,67,51,-5,-6,ORD,CMH,296,7,10,0,,0,0,0,0,0,0
2006,5,15,1,1248,1255,1510,1522,YV,6341,N911FJ,142,147,129,-12,-7,SEA,LAS,866,5,8,0,,0,0,0,0,0,0
2006,7,26,3,1957,2000,2121,2116,DL,1503,N962DL,84,76,53,5,-3,ATL,GSO,306,4,27,0,,0,0,0,0,0,0
2006,1,21,6,1539,1544,1813,1756,MQ,4381,N660CL,94,72,49,17,-5,ORD,SDF,286,3,42,0,,0,0,0,17,0,0
2006,3,19,7,1023,1027,1310,1259,AA,1109,N590AA,287,272,245,11,-4,ORD,LAX,1745,24,18,0,,0,0,0,0,0,0
2006,1,28,6,1105,1110,1229,1256,MQ,4884,N639AE,84,106,73,-27,-5,DTW,LGA,501,5,6,0,,0,0,0,0,0,0
2006,12,20,3,NA,1634,NA,1830,YV,2909,N37178,NA,116,NA,NA,NA,DEN,PHX,602,0,0,1,B,0,0,0,0,0,0
2006,4,6,4,1430,1415,1712,1700,WN,234,N698SW,162,165,148,12,15,RSW,PHL,992,4,10,0,,0,0,0,0,0,0
2006,9,18,1,1710,1714,1736,1724,NW,895,N303US,86,70,49,12,-4,DTW,MDW,229,10,27,0,,0,0,0,0,0,0
2006,7,20,4,1000,940,1229,1210,OH,5147,N659CA,149,150,128,19,20,ATL,PWM,1027,4,17,0,,0,19,0,0,0,0
2006,11,14,2,626,630,1209,1228,UA,772,N432UA,223,238,195,-19,-4,SAN,ORD,1723,7,21,0,,0,0,0,0,0,0
2006,2,6,1,1706,1707,1831,1826,UA,337,N337UA,145,139,130,5,-1,DEN,GEG,836,3,12,0,,0,0,0,0,0,0
2006,12,5,2,1745,1745,1910,1923,EV,4263,N842AS,145,158,127,-13,0,DCA,JAN,860,5,13,0,,0,0,0,0,0,0
2006,8,19,6,1718,1705,1811,1757,OO,5790,N223SW,53,52,35,14,13,SFO,CIC,153,4,14,0,,0,0,0,0,0,0
2006,1,15,7,708,705,1130,1143,AA,1151,N5FSAA,202,218,185,-13,3,IAD,SJU,1571,5,12,0,,0,0,0,0,0,0
2006,7,18,2,1212,1159,1516,1452,UA,1414,N459UA,124,113,102,24,13,LAS,DEN,629,9,13,0,,0,13,0,11,0,0
2006,12,7,4,1153,1157,1343,1347,DL,662,N994DL,110,110,91,-4,-4,IAD,ATL,533,7,12,0,,0,0,0,0,0,0
2006,6,3,6,1128,1130,1352,1345,US,693,N451UW,144,135,128,7,-2,PIT,TPA,873,5,11,0,,0,0,0,0,0,0
2006,3,11,6,1551,1131,1727,1316,UA,275,N537UA,156,165,131,251,260,DEN,SEA,1024,5,20,0,,0,251,0,0,0,0
2006,10,11,3,1400,1215,1549,1356,OH,5305,N506CA,109,101,84,113,105,MCO,RDU,534,9,16,0,,0,105,0,8,0,0
2006,6,10,6,2245,2243,20,26,DL,358,N614DL,95,103,77,-6,2,ATL,FLL,581,4,14,0,,0,0,0,0,0,0
2006,2,4,6,1558,1600,1846,1850,F9,132,N804FR,108,110,84,-4,-2,DEN,DFW,641,10,14,0,,0,0,0,0,0,0
2006,7,2,7,1612,1617,1827,1819,AA,2226,N5TBAA,195,182,151,8,-5,FLL,DFW,1119,28,16,0,,0,0,0,0,0,0
2006,5,17,3,1610,1618,1857,1914,FL,438,N991AT,107,116,94,-17,-8,MCI,ATL,692,4,9,0,,0,0,0,0,0,0
2006,7,4,2,1649,1620,2204,2136,UA,208,N542UA,195,196,172,28,29,DEN,BWI,1491,8,15,0,,0,28,0,0,0,0
2006,12,7,4,711,720,758,813,XE,3202,N12540,47,53,25,-15,-9,LCH,IAH,127,12,10,0,,0,0,0,0,0,0
2006,8,10,4,1700,1621,1915,1836,YV,7328,N27173,135,135,93,39,39,IAD,JAX,631,4,38,0,,0,0,0,0,0,39
2006,6,14,3,947,1000,1022,1042,AS,62,N705AS,35,42,20,-20,-13,JNU,SIT,95,5,10,0,,0,0,0,0,0,0
2006,5,6,6,1740,1730,2008,2004,AA,1731,N556AA,208,214,190,4,10,PHL,DFW,1302,6,12,0,,0,0,0,0,0,0
2006,4,1,6,1558,1600,1858,1916,AA,358,N427AA,120,136,100,-18,-2,ORD,LGA,733,6,14,0,,0,0,0,0,0,0
2006,2,16,4,1519,1511,1616,1611,AS,67,N756AS,117,120,100,5,8,SEA,KTN,680,7,10,0,,0,0,0,0,0,0
2006,12,7,4,638,645,939,935,OO,3930,N864AS,121,110,90,4,-7,LGB,SLC,589,9,22,0,,0,0,0,0,0,0
2006,7,11,2,906,900,1107,1110,WN,1312,N632SW,121,130,109,-3,6,BNA,SAT,822,3,9,0,,0,0,0,0,0,0
2006,7,20,4,1503,1500,1539,1538,OO,6038,N288SW,36,38,20,1,3,LAX,SBA,89,3,13,0,,0,0,0,0,0,0
2006,1,1,7,953,905,1107,1025,XE,2628,N16919,74,80,58,42,48,IAH,OKC,395,3,13,0,,0,0,42,0,0,0
2006,4,21,5,2117,1920,2346,2213,US,198,N700UW,149,173,137,93,117,FLL,LGA,1076,5,7,0,,0,34,0,0,0,59
2006,5,11,4,942,850,1044,951,OH,5319,N390CA,182,181,164,53,52,CVG,DEN,1069,6,12,0,,0,52,0,1,0,0
2006,2,17,5,844,849,1045,1035,DL,338,N138DL,121,106,98,10,-5,RSW,ATL,515,8,15,0,,0,0,0,0,0,0
2006,11,14,2,1316,1310,1513,1452,CO,1695,N36247,237,222,198,21,6,IAH,LAX,1379,13,26,0,,0,6,0,15,0,0
2006,12,3,7,1044,1045,1358,1418,CO,1514,N14655,134,153,108,-20,-1,IAH,CMH,986,4,22,0,,0,0,0,0,0,0
2006,10,5,4,1447,1450,1545,1550,WN,2405,N510,58,60,49,-5,-3,LBB,DAL,293,2,7,0,,0,0,0,0,0,0
2006,1,23,1,1552,1600,1659,1704,XE,2472,N14933,67,64,41,-5,-8,LFT,IAH,201,4,22,0,,0,0,0,0,0,0
2006,1,31,2,1147,1153,1235,1250,OO,6237,N295SW,48,57,37,-15,-6,CIC,SFO,153,4,7,0,,0,0,0,0,0,0
2006,9,18,1,1607,1608,1814,1816,OO,5824,N740SK,67,68,43,-2,-1,ORD,DAY,240,7,17,0,,0,0,0,0,0,0
2006,7,23,7,1915,1725,2052,1920,WN,680,N325,97,115,86,92,110,HOU,BNA,670,5,6,0,,0,0,0,0,0,92
2006,10,21,6,938,940,934,930,MQ,3978,N656AE,56,50,31,4,-2,GRR,ORD,137,8,17,0,,0,0,0,0,0,0
2006,7,12,3,1451,1440,1544,1529,MQ,3321,N904AE,53,49,27,15,11,DFW,TYR,103,6,20,0,,0,11,0,4,0,0
2006,8,4,5,1709,1715,1856,1840,B6,38,N526JB,107,85,53,16,-6,JFK,ROC,264,5,49,0,,0,0,0,16,0,0
2006,4,28,5,1603,1605,1723,1710,B6,284,N506JB,80,65,44,13,-2,LGB,LAS,231,9,27,0,,0,0,0,0,0,0
2006,10,10,2,911,914,1040,1010,NW,1223,N333NW,209,176,177,30,-3,DTW,DEN,1123,11,21,0,,0,0,0,30,0,0
2006,5,7,7,715,715,952,952,US,455,N835AW,97,97,79,0,0,PHX,SLC,507,5,13,0,,0,0,0,0,0,0
2006,3,6,1,2036,2035,2127,2128,US,528,N636AW,111,113,89,-1,1,PHX,RNO,601,4,18,0,,0,0,0,0,0,0
2006,10,25,3,1143,1150,1413,1412,US,1182,N458UW,150,142,129,1,-7,FLL,DCA,899,4,17,0,,0,0,0,0,0,0
2006,9,5,2,1015,1005,1400,1241,US,1147,N119UW,405,336,305,79,10,PHL,SAN,2369,2,98,0,,0,10,0,69,0,0
2006,3,9,4,1903,1900,2014,2008,XE,2903,N26545,71,68,41,6,3,LFT,IAH,201,20,10,0,,0,0,0,0,0,0
2006,7,5,3,2217,2202,33,28,AS,225,N619AS,136,146,119,5,15,LAX,SEA,954,7,10,0,,0,0,0,0,0,0
2006,4,18,2,845,845,1042,1045,WN,1166,N460,177,180,165,-3,0,MDW,ABQ,1121,2,10,0,,0,0,0,0,0,0
2006,4,12,3,1940,1930,2245,2225,UA,223,N455UA,365,355,345,20,10,IAD,SFO,2419,4,16,0,,0,0,0,20,0,0
2006,6,6,2,951,952,1212,1221,FL,417,N992AT,141,149,125,-9,-1,BWI,FLL,925,5,11,0,,0,0,0,0,0,0
2006,7,6,4,1554,1540,1742,1734,DL,459,N902DE,108,114,84,8,14,CLE,ATL,554,10,14,0,,0,0,0,0,0,0
2006,6,24,6,951,949,1242,1252,FL,432,N717JL,111,123,91,-10,2,MCI,ATL,692,9,11,0,,0,0,0,0,0,0
2006,11,25,6,944,945,1150,1159,US,262,N818AW,66,74,47,-9,-1,ONT,PHX,325,7,12,0,,0,0,0,0,0,0
2006,9,5,2,1351,1310,1517,1444,UA,1589,N477UA,86,94,66,33,41,LAS,SFO,414,5,15,0,,0,6,0,0,0,27
2006,10,3,2,1749,1731,1905,1855,YV,7041,N434YV,76,84,63,10,18,DEN,DRO,251,4,9,0,,0,0,0,0,0,0
2006,1,7,6,624,630,726,803,XE,2195,N12957,122,153,101,-37,-6,SDF,IAH,788,6,15,0,,0,0,0,0,0,0
2006,10,31,2,1112,1115,1317,1325,WN,111,N300SW,65,70,54,-8,-3,ONT,PHX,325,6,5,0,,0,0,0,0,0,0
2006,4,10,1,1820,1805,1857,1900,WN,499,N733SW,97,115,88,-3,15,SLC,PDX,630,2,7,0,,0,0,0,0,0,0
2006,7,12,3,1020,1020,1239,1242,UA,671,N827UA,259,262,234,-3,0,ORD,SMF,1781,7,18,0,,0,0,0,0,0,0
2006,7,28,5,1929,1933,2041,2045,OO,5777,N295UX,72,72,57,-4,-4,YUM,LAX,237,7,8,0,,0,0,0,0,0,0
2006,3,19,7,2013,2005,2317,2332,DL,2073,N699DL,184,207,165,-15,8,BOS,TPA,1185,7,12,0,,0,0,0,0,0,0
2006,8,28,1,854,900,1035,1055,NW,476,N314NB,101,115,84,-20,-6,ATL,DTW,594,5,12,0,,0,0,0,0,0,0
2006,12,27,3,907,905,920,915,WN,408,N507,73,70,54,5,2,PHX,LAS,256,2,17,0,,0,0,0,0,0,0
2006,3,14,2,1616,1625,1831,1851,AS,367,N617AS,135,146,123,-20,-9,SNA,PDX,859,4,8,0,,0,0,0,0,0,0
2006,2,8,3,1500,1450,1703,1720,WN,1282,N686SW,123,150,115,-17,10,PBI,BWI,883,3,5,0,,0,0,0,0,0,0
2006,7,28,5,800,800,1053,1048,AA,33,N335AA,353,348,306,5,0,JFK,LAX,2475,11,36,0,,0,0,0,0,0,0
2006,5,1,1,918,920,1037,1045,CO,559,N13720,199,205,180,-8,-2,IAH,SNA,1347,5,14,0,,0,0,0,0,0,0
2006,8,25,5,1037,1038,1200,1200,NW,1528,N8986E,83,82,65,0,-1,MCI,MSP,393,7,11,0,,0,0,0,0,0,0
2006,4,10,1,1057,1100,1332,1329,DL,615,N682DA,155,149,103,3,-3,LGA,ATL,761,15,37,0,,0,0,0,0,0,0
2006,10,23,1,1253,1250,1450,1455,WN,2427,N762,57,65,42,-5,3,PHX,ABQ,328,4,11,0,,0,0,0,0,0,0
2006,2,28,2,1712,1715,1837,1841,AS,368,N762AS,85,86,69,-4,-3,PDX,SMF,479,6,10,0,,0,0,0,0,0,0
2006,12,25,1,933,925,1009,1003,FL,459,N972AT,96,98,79,6,8,ATL,MSY,425,5,12,0,,0,0,0,0,0,0
2006,1,5,4,1508,1435,1611,1540,WN,3424,N383SW,63,65,57,31,33,MSY,HOU,303,2,4,0,,0,12,0,0,0,19
2006,12,5,2,1639,1645,1750,1744,CO,1678,N78285,71,59,40,6,-6,SAT,IAH,191,11,20,0,,0,0,0,0,0,0
2006,1,28,6,815,815,1132,1200,WN,277,N413,317,345,300,-28,0,PHL,PHX,2075,2,15,0,,0,0,0,0,0,0
2006,9,30,6,559,600,850,900,AA,1291,N063AA,171,180,150,-10,-1,JFK,MIA,1090,5,16,0,,0,0,0,0,0,0
2006,4,5,3,812,815,1009,1013,DL,995,N932DL,117,118,69,-4,-3,PIT,ATL,526,12,36,0,,0,0,0,0,0,0
2006,1,29,7,1240,1215,1339,1325,WN,2434,N415,59,70,45,14,25,LAS,SAN,258,2,12,0,,0,0,0,0,0,0
2006,11,27,1,601,600,727,733,OO,6946,N709BR,86,93,69,-6,1,SGF,ORD,438,8,9,0,,0,0,0,0,0,0
2006,2,6,1,1545,1545,1645,1650,YV,2752,N847MJ,60,65,40,-5,0,LEX,CLT,282,13,7,0,,0,0,0,0,0,0
2006,11,19,7,1816,1810,2045,2100,WN,1326,N233,149,170,137,-15,6,FLL,ISP,1093,4,8,0,,0,0,0,0,0,0
2006,7,23,7,1027,730,1827,1538,UA,394,N422UA,300,308,285,169,177,OAK,IAD,2408,6,9,0,,0,169,0,0,0,0
2006,3,17,5,2124,2105,2145,2135,WN,453,N494,81,90,76,10,19,SAT,ELP,496,1,4,0,,0,0,0,0,0,0
2006,6,13,2,1000,1005,1008,1009,MQ,4359,N939AE,68,64,37,-1,-5,TOL,ORD,214,6,25,0,,0,0,0,0,0,0
2006,1,31,2,1118,1117,1402,1408,MQ,4187,N698CB,104,111,86,-6,1,ORD,RIC,642,6,12,0,,0,0,0,0,0,0
2006,12,31,7,917,910,1506,1525,WN,2370,N435,229,255,218,-19,7,PHX,RDU,1891,3,8,0,,0,0,0,0,0,0
2006,7,6,4,1107,1107,1428,1419,AA,482,N4YSAA,141,132,102,9,0,DFW,IND,762,8,31,0,,0,0,0,0,0,0
2006,3,27,1,1227,1234,1944,1949,NW,250,N301US,257,255,231,-5,-7,SEA,DTW,1927,13,13,0,,0,0,0,0,0,0
2006,4,27,4,1323,1215,1554,1439,AS,684,N320AS,151,144,117,75,68,SEA,LAS,866,7,27,0,,0,68,0,7,0,0
2006,6,25,7,1855,1735,2052,1946,AA,885,N274AA,177,191,161,66,80,ORF,DFW,1213,7,9,0,,0,1,0,0,0,65
2006,12,18,1,1721,1724,1949,1949,NW,1233,N359NW,208,205,180,0,-3,JFK,MSP,1028,4,24,0,,0,0,0,0,0,0
2006,12,13,3,1913,1905,2000,1955,WN,438,N344,47,50,36,5,8,BHM,BNA,177,4,7,0,,0,0,0,0,0,0
2006,6,18,7,1831,1842,1936,1953,NW,929,N925US,65,71,46,-17,-11,MSN,MSP,228,11,8,0,,0,0,0,0,0,0
2006,6,24,6,1641,1630,2000,2010,WN,446,N455,139,160,126,-10,11,MDW,MCO,989,6,7,0,,0,0,0,0,0,0
2006,9,13,3,1527,1433,1654,1605,NW,1431,N353NB,147,152,127,49,54,ATL,MSP,906,2,18,0,,0,0,25,0,0,24
2006,8,30,3,1646,1642,1729,1729,FL,830,N978AT,103,107,81,0,4,ATL,MDW,590,4,18,0,,0,0,0,0,0,0
2006,1,20,5,909,914,1059,1052,UA,143,N588UA,170,158,153,7,-5,PVD,ORD,849,8,9,0,,0,0,0,0,0,0
2006,12,5,2,1151,1146,1313,1310,UA,1211,N315UA,142,144,127,3,5,DEN,GEG,836,4,11,0,,0,0,0,0,0,0
2006,10,20,5,1233,1223,1734,1740,NW,524,N342NB,181,197,160,-6,10,LAS,MEM,1416,6,15,0,,0,0,0,0,0,0
2006,8,24,4,932,935,1050,1057,CO,1723,N79402,198,202,162,-7,-3,IAH,ONT,1334,6,30,0,,0,0,0,0,0,0
2006,3,6,1,1245,1225,1429,1405,F9,659,N905FR,164,160,147,24,20,DEN,SFO,967,9,8,0,,0,13,0,9,0,2
2006,2,10,5,647,655,1007,955,CO,333,N14629,260,240,226,12,-8,LGA,IAH,1416,5,29,0,,0,0,0,0,0,0
2006,5,7,7,1449,1455,1928,1940,CO,251,N21723,219,225,198,-12,-6,AUS,EWR,1504,8,13,0,,0,0,0,0,0,0
2006,12,4,1,1944,1950,2132,2156,DL,934,N650DL,108,126,87,-24,-6,FLL,ATL,581,6,15,0,,0,0,0,0,0,0
2006,11,7,2,1554,1550,1720,1750,WN,1390,N625SW,146,180,131,-30,4,MCI,PHX,1044,5,10,0,,0,0,0,0,0,0
2006,10,20,5,455,500,719,709,US,1579,N758UW,144,129,123,10,-5,BOS,CLT,728,6,15,0,,0,0,0,0,0,0
2006,9,24,7,1350,1400,1455,1501,YV,2832,N37218,65,61,43,-6,-10,ONT,LAS,197,7,15,0,,0,0,0,0,0,0
2006,3,17,5,1512,1520,1653,1658,NW,1862,N340NB,101,98,80,-5,-8,SAT,MEM,625,4,17,0,,0,0,0,0,0,0
2006,12,7,4,2109,2120,2201,2213,AS,140,N742AS,52,53,42,-12,-11,FAI,ANC,261,5,5,0,,0,0,0,0,0,0
2006,3,18,6,1700,1700,1834,1838,OH,5352,N472CA,94,98,69,-4,0,BOS,DCA,399,4,21,0,,0,0,0,0,0,0
2006,7,11,2,705,711,933,926,NW,1184,N372NW,88,75,56,7,-6,MSN,DTW,312,21,11,0,,0,0,0,0,0,0
2006,9,3,7,1328,1330,1701,1717,CO,1790,N47332,153,167,133,-16,-2,IAH,MIA,964,5,15,0,,0,0,0,0,0,0
2006,9,11,1,1434,1437,1549,1621,YV,7192,N75999,75,104,52,-32,-3,IAD,EWR,213,10,13,0,,0,0,0,0,0,0
2006,8,27,7,632,635,747,755,WN,395,N429,75,80,60,-8,-3,OAK,LAS,407,3,12,0,,0,0,0,0,0,0
2006,11,30,4,1032,1034,1512,1505,NW,574,N364NW,220,211,202,7,-2,MSP,MIA,1501,9,9,0,,0,0,0,0,0,0
2006,6,3,6,1318,1310,1504,1510,WN,1421,N777,226,240,215,-6,8,MCO,ABQ,1552,4,7,0,,0,0,0,0,0,0
2006,4,27,4,905,910,1000,1010,WN,2535,N507,55,60,38,-10,-5,STL,MDW,251,5,12,0,,0,0,0,0,0,0
2006,7,30,7,1043,1045,1217,1222,NW,1184,N377NB,94,97,73,-5,-2,DTW,BDL,548,7,14,0,,0,0,0,0,0,0
2006,5,16,2,1502,1509,1641,1638,MQ,3893,N693AE,99,89,66,3,-7,DFW,GPT,500,3,30,0,,0,0,0,0,0,0
2006,1,29,7,908,912,1116,1122,NW,537,N531US,128,130,88,-6,-4,LGA,DTW,501,22,18,0,,0,0,0,0,0,0
2006,9,19,2,634,627,738,739,NW,1049,N8934E,124,132,108,-1,7,PIT,MSP,726,5,11,0,,0,0,0,0,0,0
2006,2,16,4,1546,1550,1717,1705,DL,660,N237WA,151,135,129,12,-4,ATL,OKC,761,6,16,0,,0,0,0,0,0,0
2006,5,5,5,1709,1710,1823,1830,UA,665,N564UA,134,140,119,-7,-1,DEN,LAX,862,3,12,0,,0,0,0,0,0,0
2006,1,8,7,957,1001,1100,1137,YV,7383,N592ML,63,96,46,-37,-4,LGA,IAD,229,6,11,0,,0,0,0,0,0,0
2006,8,8,2,1223,1115,1407,1252,NW,187,N344NW,224,217,202,75,68,MSP,SAN,1532,4,18,0,,0,66,0,7,0,2
2006,3,4,6,505,510,635,647,US,258,N430US,90,97,79,-12,-5,MCO,CLT,468,3,8,0,,0,0,0,0,0,0
2006,7,1,6,1333,1325,1435,1435,WN,417,N423,62,70,49,0,8,BWI,CLE,314,3,10,0,,0,0,0,0,0,0
2006,1,17,2,1923,1855,2152,2130,F9,822,N941FR,89,95,74,22,28,DEN,MCI,533,6,9,0,,0,22,0,0,0,0
2006,5,13,6,1811,1815,1944,2000,B6,1259,N178JB,93,105,68,-16,-4,BOS,IAD,413,6,19,0,,0,0,0,0,0,0
2006,11,7,2,848,850,959,1010,WN,2504,N778,71,80,46,-11,-2,PHL,PIT,267,3,22,0,,0,0,0,0,0,0
2006,9,12,2,1644,1420,2047,1745,AA,1450,N567AA,183,145,108,182,144,ORD,EWR,719,7,68,0,,0,136,0,46,0,0
2006,2,21,2,1040,1045,1144,1155,MQ,3985,N646AE,64,70,45,-11,-5,ORD,RST,268,5,14,0,,0,0,0,0,0,0
2006,4,4,2,1956,1915,2247,2139,CO,1835,N13718,351,324,307,68,41,EWR,PHX,2133,5,39,0,,0,10,0,27,0,31
2006,7,4,2,738,735,956,1011,US,91,N174UW,318,336,293,-15,3,PHL,SAN,2369,3,22,0,,0,0,0,0,0,0
2006,5,29,1,1020,1020,1205,1203,EV,4546,N849AS,105,103,90,2,0,TOL,ATL,549,5,10,0,,0,0,0,0,0,0
2006,7,14,5,900,900,1033,1034,XE,2887,N13970,93,94,71,-1,0,IAH,AMA,519,4,18,0,,0,0,0,0,0,0
2006,2,17,5,2144,1800,19,2119,UA,658,N531UA,95,139,76,180,224,ORD,EWR,719,7,12,0,,0,0,0,0,0,180
2006,4,4,2,1834,1836,2014,2014,YV,6299,N17275,100,98,87,0,-2,RNO,PHX,601,4,9,0,,0,0,0,0,0,0
2006,11,13,1,1010,953,1059,1104,OH,5022,N668CA,49,71,35,-5,17,SAV,ATL,215,8,6,0,,0,0,0,0,0,0
2006,4,11,2,1605,1605,1652,1716,EV,4094,N634AS,47,71,37,-24,0,AVL,ATL,164,4,6,0,,0,0,0,0,0,0
2006,11,1,3,2110,2102,2211,2207,US,136,N823AW,61,65,43,4,8,SNA,LAS,226,6,12,0,,0,0,0,0,0,0
2006,9,24,7,1612,1615,1910,1911,US,73,N164AW,178,176,155,-1,-3,PHX,SEA,1107,13,10,0,,0,0,0,0,0,0
2006,4,17,1,1842,1710,2127,1947,AA,297,N365AA,345,337,325,100,92,LAX,HNL,2556,3,17,0,,0,92,0,8,0,0
2006,8,4,5,800,805,945,938,XE,2621,N14998,105,93,81,7,-5,TUL,IAH,429,12,12,0,,0,0,0,0,0,0
2006,12,20,3,1105,1110,1255,1305,OH,4991,N507CA,110,115,81,-10,-5,CMH,LGA,478,5,24,0,,0,0,0,0,0,0
2006,10,5,4,1301,1300,1633,1629,NW,1068,N967N,152,149,124,4,1,MSP,BWI,936,7,21,0,,0,0,0,0,0,0
2006,12,10,7,1728,1731,1845,1850,OO,3941,N408SW,77,79,50,-5,-3,SLC,BZN,347,6,21,0,,0,0,0,0,0,0
2006,10,2,1,658,705,744,750,OO,5797,N251YV,46,45,33,-6,-7,SEA,PDX,129,2,11,0,,0,0,0,0,0,0
2006,8,4,5,935,925,1145,1127,EV,4398,N680BR,70,62,47,18,10,VPS,ATL,264,12,11,0,,0,0,0,8,0,10
2006,3,27,1,2130,2130,2256,2301,US,1262,N515AU,86,91,67,-5,0,CLT,MDT,413,6,13,0,,0,0,0,0,0,0
2006,10,13,5,1217,1220,1314,1320,AA,1245,N453AA,117,120,100,-6,-3,DFW,DEN,641,5,12,0,,0,0,0,0,0,0
2006,9,10,7,556,600,657,702,UA,403,N804UA,61,62,43,-5,-4,RNO,SFO,192,7,11,0,,0,0,0,0,0,0
2006,1,13,5,1544,1535,1646,1644,CO,323,N37409,62,69,45,2,9,IAH,MSY,305,2,15,0,,0,0,0,0,0,0
2006,6,24,6,1351,1350,1517,1510,US,838,N810AW,86,80,64,7,1,SMF,LAS,397,5,17,0,,0,0,0,0,0,0
2006,7,16,7,924,925,1042,1050,DL,622,N6712B,78,85,60,-8,-1,MCO,ATL,403,8,10,0,,0,0,0,0,0,0
2006,1,1,7,1736,1741,1904,1902,AA,1029,N455AA,88,81,52,2,-5,XNA,DFW,281,26,10,0,,0,0,0,0,0,0
2006,11,9,4,1450,1455,1550,1556,OH,4972,N806CA,60,61,48,-6,-5,PIT,CVG,256,2,10,0,,0,0,0,0,0,0
2006,5,13,6,1315,1312,1626,1629,AA,490,N473AA,131,137,113,-3,3,DFW,JAX,919,4,14,0,,0,0,0,0,0,0
2006,6,12,1,1344,1339,1450,1446,OO,6273,N569SW,66,67,50,4,5,GJT,DEN,212,6,10,0,,0,0,0,0,0,0
2006,8,5,6,757,800,1532,1547,DL,1683,N692DL,275,287,254,-15,-3,PDX,ATL,2172,10,11,0,,0,0,0,0,0,0
2006,7,27,4,749,750,1033,1013,US,141,N835AW,344,323,294,20,-1,EWR,LAS,2227,10,40,0,,0,0,0,20,0,0
2006,11,6,1,556,600,1138,1150,AA,1196,N4WUAA,222,230,196,-12,-4,SEA,ORD,1721,10,16,0,,0,0,0,0,0,0
2006,3,17,5,2109,1949,2246,2111,AA,1029,N4XLAA,157,142,123,95,80,DFW,TUS,813,7,27,0,,0,70,0,15,0,10
2006,2,10,5,740,740,1103,1045,CO,1521,N17321,203,185,180,18,0,MSP,IAH,1034,10,13,0,,0,0,0,18,0,0
2006,8,19,6,908,900,1143,1150,WN,523,N630WN,95,110,80,-7,8,LAS,BOI,520,3,12,0,,0,0,0,0,0,0
2006,10,4,3,1022,1025,1230,1231,EV,4166,N885AS,68,66,37,-1,-3,MEI,ATL,267,17,14,0,,0,0,0,0,0,0
2006,5,8,1,1742,1730,1827,1825,XE,2016,N17524,45,55,24,2,12,IAH,LCH,127,5,16,0,,0,0,0,0,0,0
2006,5,12,5,1354,1354,2158,2156,AQ,442,N742AL,304,302,287,2,0,HNL,OAK,2409,5,12,0,,0,0,0,0,0,0
2006,11,28,2,1831,1830,2206,1955,OO,6286,N581SW,215,85,56,131,1,DEN,RAP,301,5,154,0,,0,131,0,0,0,0
2006,10,13,5,2121,2007,2308,2151,FL,646,N168AT,107,104,89,77,74,PHF,ATL,508,8,10,0,,0,0,0,3,0,74
2006,2,6,1,1527,1530,1810,1820,MQ,4324,N626AE,103,110,85,-10,-3,ORD,CLT,599,4,14,0,,0,0,0,0,0,0
2006,10,31,2,2025,2035,2158,2204,YV,7093,N434YV,93,89,63,-6,-10,DEN,DRO,251,5,25,0,,0,0,0,0,0,0
2006,11,9,4,637,642,752,748,NW,1449,N945N,75,66,47,4,-5,TVC,DTW,207,8,20,0,,0,0,0,0,0,0
2006,3,31,5,1542,1530,1654,1640,US,1182,N419US,72,70,54,14,12,DCA,BDL,313,5,13,0,,0,0,0,0,0,0
2006,3,6,1,2019,2015,2325,2312,UA,1512,N441UA,126,117,96,13,4,SFO,PHX,651,6,24,0,,0,0,0,0,0,0
2006,5,31,3,859,900,1104,1110,OO,5804,N748SK,65,70,47,-6,-1,ORD,CLE,316,6,12,0,,0,0,0,0,0,0
2006,7,25,2,1506,1505,1930,1930,F9,608,N804FR,144,145,128,0,1,DEN,IND,977,8,8,0,,0,0,0,0,0,0
2006,4,22,6,641,642,818,825,MQ,3424,N820AE,97,103,86,-7,-1,MOB,DFW,540,8,3,0,,0,0,0,0,0,0
2006,7,5,3,909,855,1044,1042,DL,1818,N860DA,95,107,77,2,14,ATL,FLL,581,3,15,0,,0,0,0,0,0,0
2006,4,29,6,1431,1431,1614,1559,MQ,3712,N812AE,163,148,141,15,0,CVG,DFW,812,12,10,0,,0,0,0,15,0,0
2006,2,24,5,956,1007,1128,1136,YV,7046,N444YV,92,89,72,-8,-11,DEN,RAP,301,4,16,0,,0,0,0,0,0,0
2006,12,21,4,1210,1115,1325,1225,WN,1863,N428,75,70,58,60,55,MSY,HOU,303,5,12,0,,0,5,0,5,0,50
2006,9,11,1,814,815,905,836,NW,1873,N318NB,111,81,61,29,-1,IND,MEM,381,6,44,0,,0,0,0,29,0,0
2006,6,9,5,1104,1100,1219,1204,MQ,3073,N901AE,75,64,36,15,4,LAX,SAN,109,7,32,0,,0,0,0,15,0,0
2006,8,5,6,1611,1615,1922,1951,UA,660,N370UA,131,156,106,-29,-4,ORD,EWR,719,8,17,0,,0,0,0,0,0,0
2006,9,3,7,2354,2358,729,756,US,219,N834AW,275,298,241,-27,-4,LAS,EWR,2227,4,30,0,,0,0,0,0,0,0
2006,8,31,4,1600,1608,1639,1648,HA,189,N487HA,39,40,28,-9,-8,KOA,HNL,163,5,6,0,,0,0,0,0,0,0
2006,7,8,6,753,730,912,849,DL,425,N962DL,79,79,44,23,23,CLT,ATL,227,9,26,0,,0,23,0,0,0,0
2006,10,17,2,1440,1355,1848,1710,AA,1374,N4YSAA,188,135,116,98,45,ORD,PHL,678,16,56,0,,0,0,0,98,0,0
2006,7,1,6,702,700,822,815,WN,992,N498,80,75,54,7,2,OAK,LAX,337,7,19,0,,0,0,0,0,0,0
2006,11,1,3,1600,1600,1828,1831,OO,6388,N920SW,88,91,71,-3,0,SFO,BOI,522,3,14,0,,0,0,0,0,0,0
2006,5,8,1,1728,1640,1955,1916,AA,2083,N5EVAA,327,336,312,39,48,FLL,LAX,2342,3,12,0,,0,0,0,39,0,0
2006,6,19,1,1327,1330,2135,2150,HA,26,N582HA,308,320,469,-15,-3,HNL,PDX,2603,4,15,0,,0,0,0,0,0,0
2006,11,13,1,1335,1335,1410,1414,OH,4943,N451CA,35,39,17,-4,0,CVG,LEX,70,5,13,0,,0,0,0,0,0,0
2006,8,26,6,559,600,747,808,EV,4435,N709EV,48,68,36,-21,-1,VPS,ATL,264,4,8,0,,0,0,0,0,0,0
2006,8,10,4,1748,1715,1751,1720,WN,925,N631SW,63,65,54,31,33,BOI,PDX,344,2,7,0,,0,7,0,0,0,24
2006,9,2,6,1736,1735,1939,1940,WN,1942,N606SW,183,185,173,-1,1,STL,SLC,1156,2,8,0,,0,0,0,0,0,0
2006,3,30,4,1915,1840,2000,1925,WN,493,N620SW,45,45,35,35,35,AUS,HOU,148,5,5,0,,0,10,0,0,0,25
2006,11,28,2,2255,2300,2334,2349,EV,4214,N761EV,39,49,26,-15,-5,ATL,TYS,152,3,10,0,,0,0,0,0,0,0
2006,3,17,5,1115,1116,1308,1308,FL,74,N906AT,113,112,87,0,-1,FLL,ATL,581,9,17,0,,0,0,0,0,0,0
2006,5,9,2,452,500,612,620,NW,1470,N762NC,80,80,67,-8,-8,MOT,MSP,449,6,7,0,,0,0,0,0,0,0
2006,1,20,5,640,640,900,905,YV,7142,N401MJ,80,85,67,-5,0,ORD,BUF,473,5,8,0,,0,0,0,0,0,0
2006,5,7,7,1025,1025,1137,1140,MQ,3875,N851AE,72,75,55,-3,0,DFW,CRP,354,3,14,0,,0,0,0,0,0,0
2006,1,17,2,1446,1455,1950,1959,CO,335,N36207,184,184,163,-9,-9,SAN,IAH,1303,4,17,0,,0,0,0,0,0,0
2006,12,3,7,1953,1955,2053,2110,WN,1884,N603SW,60,75,45,-17,-2,PHL,PVD,238,5,10,0,,0,0,0,0,0,0
2006,12,4,1,1731,1735,1830,1840,MQ,3259,N397AE,59,65,41,-10,-4,DFW,SPS,113,10,8,0,,0,0,0,0,0,0
2006,1,17,2,944,940,1219,1218,AS,520,N972AS,155,158,143,1,4,SEA,SAN,1050,2,10,0,,0,0,0,0,0,0
2006,6,15,4,2000,1945,2208,2155,WN,680,N347,68,70,59,13,15,BNA,CMH,338,2,7,0,,0,0,0,0,0,0
2006,9,14,4,1957,1943,2028,1954,EV,4107,N641AS,91,71,43,34,14,ATL,DHN,171,5,43,0,,0,0,14,20,0,0
2006,12,23,6,2256,2046,324,113,US,399,N676AW,148,147,127,131,130,LAS,DFW,1055,6,15,0,,0,18,0,1,0,112
2006,11,6,1,852,900,1154,1225,AA,39,N367AA,302,325,284,-31,-8,SFO,HNL,2398,2,16,0,,0,0,0,0,0,0
2006,11,5,7,744,746,1035,1051,YV,7478,N509MJ,111,125,94,-16,-2,ORD,SAV,773,4,13,0,,0,0,0,0,0,0
2006,6,9,5,1709,1507,2002,1719,FL,376,N126AT,173,132,107,163,122,ATL,LGA,761,18,48,0,,0,0,0,163,0,0
2006,3,19,7,1331,1318,1603,1510,AA,2203,N5WAAA,152,112,83,53,13,STL,DFW,551,59,10,0,,0,0,0,41,0,12
2006,8,7,1,1743,1725,1911,1845,YV,7085,N456YV,88,80,66,26,18,DRO,DEN,251,10,12,0,,0,26,0,0,0,0
2006,3,16,4,1714,1716,1823,1834,OO,6037,N216SW,69,78,59,-11,-2,MRY,LAX,267,3,7,0,,0,0,0,0,0,0
2006,11,5,7,1901,1900,2019,2025,WN,928,N246,78,85,66,-6,1,SAN,OAK,446,5,7,0,,0,0,0,0,0,0
2006,1,18,3,658,700,838,836,OH,5156,N941CA,100,96,77,2,-2,BOS,DCA,399,4,19,0,,0,0,0,0,0,0
2006,4,26,3,1150,1150,1406,1430,WN,2015,N214,316,340,285,-24,0,PHL,LAS,2176,6,25,0,,0,0,0,0,0,0
2006,6,11,7,1723,1730,1856,1909,DL,1293,N925DL,93,99,70,-13,-7,SRQ,ATL,445,11,12,0,,0,0,0,0,0,0
2006,3,30,4,2356,2355,516,525,F9,442,N917FR,200,210,185,-9,1,DEN,PHL,1557,5,10,0,,0,0,0,0,0,0
2006,3,2,4,907,845,1142,1045,XE,3060,N16149,155,120,87,57,22,EWR,CLT,529,9,59,0,,0,22,0,35,0,0
2006,10,18,3,1937,1940,2219,2225,WN,265,N663SW,102,105,91,-6,-3,LAX,ABQ,677,5,6,0,,0,0,0,0,0,0
2006,8,11,5,826,830,1004,1007,US,1026,N619AU,98,97,76,-3,-4,TPA,CLT,508,7,15,0,,0,0,0,0,0,0
2006,9,6,3,726,730,1302,1310,AA,456,N5CCAA,216,220,204,-8,-4,SEA,STL,1710,3,9,0,,0,0,0,0,0,0
2006,12,14,4,1348,1350,1654,1650,WN,1389,N236,186,180,169,4,-2,PHL,FLL,992,4,13,0,,0,0,0,0,0,0
2006,3,24,5,1500,1505,1627,1635,WN,2025,N382SW,87,90,80,-8,-5,SAN,SMF,480,2,5,0,,0,0,0,0,0,0
2006,9,14,4,1135,1130,1232,1221,OO,4034,N445SW,57,51,35,11,5,IDA,SLC,188,17,5,0,,0,0,0,0,0,0
2006,2,20,1,926,910,1255,1157,AA,1850,N226AA,149,107,79,58,16,COS,DFW,592,51,19,0,,0,16,0,42,0,0
2006,7,7,5,1630,1630,2000,2005,DL,531,N670DN,210,215,186,-5,0,ATL,SJU,1547,7,17,0,,0,0,0,0,0,0
2006,7,13,4,841,805,1106,1041,UA,441,N303UA,145,156,126,25,36,ORD,IAH,925,2,17,0,,0,0,0,0,0,25
2006,3,21,2,700,700,1015,1035,WN,1026,N745SW,135,155,109,-20,0,DEN,MDW,895,3,23,0,,0,0,0,0,0,0
2006,7,31,1,1727,1717,1845,1841,US,300,N629AW,198,204,174,4,10,MSP,PHX,1276,5,19,0,,0,0,0,0,0,0
2006,7,6,4,1340,1345,1824,1800,AA,1226,N520AA,164,135,105,24,-5,TUS,DFW,813,50,9,0,,0,0,0,24,0,0
2006,5,12,5,1238,1240,1329,1338,US,384,N592US,51,58,37,-9,-2,CLT,SAV,213,4,10,0,,0,0,0,0,0,0
2006,4,22,6,1135,1124,1344,1340,FL,476,N948AT,129,136,112,4,11,TPA,BWI,842,6,11,0,,0,0,0,0,0,0
2006,2,15,3,1003,953,1238,1239,OH,5430,N367CA,155,166,112,-1,10,LGA,JAX,834,5,38,0,,0,0,0,0,0,0
2006,4,5,3,942,940,1045,1041,US,243,N531AU,63,61,37,4,2,CLT,MYR,156,2,24,0,,0,0,0,0,0,0
2006,8,8,2,739,735,1019,1030,WN,430,N763,160,175,151,-11,4,PVD,TPA,1137,2,7,0,,0,0,0,0,0,0
2006,2,24,5,1910,1817,2006,1914,EV,4537,N881AS,116,117,89,52,53,ATL,SHV,552,6,21,0,,0,0,52,0,0,0
2006,9,27,3,557,600,716,720,MQ,3472,N845AE,79,80,68,-4,-3,BTR,DFW,383,4,7,0,,0,0,0,0,0,0
2006,1,20,5,925,930,1024,1025,CO,748,N14664,59,55,31,-1,-5,IAH,LFT,201,5,23,0,,0,0,0,0,0,0
2006,10,29,7,801,805,829,845,WN,605,N606SW,88,100,78,-16,-4,CLE,STL,487,3,7,0,,0,0,0,0,0,0
2006,10,19,4,1710,1650,1808,1800,MQ,3278,N384AE,58,70,40,8,20,CLL,DFW,164,10,8,0,,0,0,0,0,0,0
2006,9,19,2,1521,1525,1654,1700,AA,851,N4UBAA,93,95,71,-6,-4,MEM,DFW,432,9,13,0,,0,0,0,0,0,0
2006,7,6,4,1544,1552,1914,1943,NW,696,N340NB,150,171,132,-29,-8,DFW,DTW,987,6,12,0,,0,0,0,0,0,0
2006,1,10,2,933,940,1242,1250,B6,375,N606JB,189,190,159,-8,-7,LGA,FLL,1076,6,24,0,,0,0,0,0,0,0
2006,2,7,2,829,835,1036,1051,DL,1542,N602DL,247,256,221,-15,-6,CVG,PHX,1569,7,19,0,,0,0,0,0,0,0
2006,9,30,6,1644,1650,1755,1810,MQ,3184,N814AE,71,80,62,-15,-6,SNA,SFO,372,3,6,0,,0,0,0,0,0,0
2006,5,6,6,2105,2110,2212,2215,MQ,3715,N686AE,67,65,48,-3,-5,DFW,LBB,282,3,16,0,,0,0,0,0,0,0
2006,12,15,5,2017,2021,2040,2051,YV,2745,N449YV,83,90,65,-11,-4,PHX,PSP,261,5,13,0,,0,0,0,0,0,0
2006,12,22,5,906,900,1058,1040,AA,313,N620AA,172,160,126,18,6,LGA,ORD,733,18,28,0,,0,0,0,18,0,0
2006,10,22,7,1022,1030,1130,1145,MQ,4564,N728AE,68,75,50,-15,-8,BOS,EWR,200,4,14,0,,0,0,0,0,0,0
2006,6,12,1,1515,1241,1805,1452,EV,4236,N642AS,110,71,85,193,154,PNS,ATL,272,20,5,0,,0,0,154,39,0,0
2006,6,13,2,1055,1055,1222,1235,WN,2613,N523,87,100,70,-13,0,MCI,DAL,461,6,11,0,,0,0,0,0,0,0
2006,6,14,3,NA,1700,NA,1754,EV,4447,N751EV,NA,114,NA,NA,NA,ATL,MDW,590,0,0,1,A,0,0,0,0,0,0
2006,1,13,5,1357,1329,1558,1515,MQ,4474,N654AE,181,166,121,43,28,JAX,ORD,865,51,9,0,,0,0,0,43,0,0
2006,8,9,3,1610,1610,1759,1759,OH,5122,N376CA,109,109,75,0,0,RIC,ATL,481,17,17,0,,0,0,0,0,0,0
2006,5,25,4,2158,2155,615,600,CO,1803,N57869,317,305,283,15,3,LAX,EWR,2454,12,22,0,,0,0,0,15,0,0
2006,9,26,2,822,830,1035,1028,US,787,N103UW,313,298,296,7,-8,FLL,LAS,2174,6,11,0,,0,0,0,0,0,0
2006,8,29,2,848,854,1008,1020,AA,2015,N518AA,80,86,64,-12,-6,DFW,MSY,448,5,11,0,,0,0,0,0,0,0
2006,10,15,7,1643,1645,1745,1745,MQ,3413,N639AE,62,60,47,0,-2,SAT,DAL,248,5,10,0,,0,0,0,0,0,0
2006,12,16,6,1146,1123,1701,1659,UA,1528,N474UA,195,216,172,2,23,LAS,ORD,1515,7,16,0,,0,0,0,0,0,0
2006,3,17,5,826,831,1041,1048,AA,385,N283AA,135,137,114,-7,-5,DFW,MSP,852,8,13,0,,0,0,0,0,0,0
2006,6,12,1,2010,2005,2230,2230,AA,513,N077AA,140,145,123,0,5,MIA,SJU,1045,4,13,0,,0,0,0,0,0,0
2006,3,13,1,1045,1041,1220,1214,AA,1512,N524AA,95,93,71,6,4,DFW,BHM,597,5,19,0,,0,0,0,0,0,0
2006,6,2,5,1902,1905,2040,2046,AA,1902,N555AA,98,101,82,-6,-3,DFW,HSV,603,3,13,0,,0,0,0,0,0,0
2006,1,2,1,1358,1331,1631,1612,NW,1806,N945N,153,161,126,19,27,MSP,MSY,1040,2,25,0,,0,15,0,0,0,4
2006,1,10,2,935,943,1020,1035,OO,6135,N251YV,45,52,33,-15,-8,SMX,LAX,135,6,6,0,,0,0,0,0,0,0
2006,10,13,5,1919,1921,2042,2043,OO,6402,N970SW,83,82,69,-1,-2,EUG,SFO,451,3,11,0,,0,0,0,0,0,0
2006,1,24,2,1458,1505,1603,1617,AA,1771,N620AA,65,72,48,-14,-7,ORD,STL,258,3,14,0,,0,0,0,0,0,0
2006,7,20,4,1930,1738,2135,1952,MQ,4007,N509AE,65,74,44,103,112,ORD,CMH,296,5,16,0,,0,0,0,25,0,78
2006,9,7,4,1448,1500,1637,1658,CO,1551,N14667,169,178,152,-21,-12,RDU,IAH,1043,6,11,0,,0,0,0,0,0,0
2006,9,5,2,705,715,929,945,OH,5426,N486CA,84,90,72,-16,-10,CID,CVG,419,2,10,0,,0,0,0,0,0,0
2006,7,6,4,2210,2035,2308,2127,EV,4811,N855AS,118,112,78,101,95,ATL,SGF,563,4,36,0,,0,0,0,101,0,0
2006,8,16,3,704,705,1026,1010,B6,167,N569JB,382,365,170,16,-1,JFK,SJC,2569,3,29,0,,0,0,0,16,0,0
2006,11,26,7,1248,1259,1440,1428,XE,1208,N12946,112,89,35,12,-11,DCA,EWR,199,10,67,0,,0,0,0,0,0,0
2006,1,17,2,1550,1550,1648,1655,WN,925,N767,58,65,48,-7,0,SLC,BOI,291,3,7,0,,0,0,0,0,0,0
2006,9,10,7,1845,1832,2115,2025,OH,5167,N398CA,150,113,78,50,13,PHL,CVG,507,6,66,0,,0,13,0,37,0,0
2006,2,10,5,2155,2100,2242,2153,MQ,3415,N836AE,47,53,27,49,55,DFW,GRK,134,4,16,0,,0,0,0,0,0,49
2006,6,26,1,855,900,1030,1045,FL,240,N993AT,95,105,78,-15,-5,PBI,ATL,545,6,11,0,,0,0,0,0,0,0
2006,9,12,2,1654,1630,732,712,DL,1282,N830MH,518,522,479,20,24,HNL,ATL,4502,20,19,0,,0,0,0,0,0,20
2006,2,16,4,1033,1035,1137,1142,OO,6051,N289YV,64,67,48,-5,-2,FAT,LAX,209,7,9,0,,0,0,0,0,0,0
2006,3,9,4,513,450,636,614,NW,1212,N8986E,83,84,63,22,23,MOT,MSP,449,12,8,0,,0,22,0,0,0,0
2006,3,16,4,1418,1145,1506,1242,EV,4564,N867AS,108,117,89,144,153,ATL,XNA,589,6,13,0,,0,144,0,0,0,0
2006,5,13,6,727,735,955,1004,OO,6384,N913SW,88,89,69,-9,-8,SFO,BOI,522,4,15,0,,0,0,0,0,0,0
2006,12,6,3,627,630,903,915,MQ,4040,N653AE,96,105,75,-12,-3,ORD,IAD,589,6,15,0,,0,0,0,0,0,0
2006,8,2,3,557,600,656,701,OO,6251,N568SW,59,61,43,-5,-3,SBP,SFO,191,4,12,0,,0,0,0,0,0,0
2006,11,5,7,1736,1740,2016,2032,CO,1077,N33209,220,232,192,-16,-4,PHL,IAH,1324,9,19,0,,0,0,0,0,0,0
2006,9,9,6,813,655,918,815,FL,108,N942AT,65,80,51,63,78,ROC,BWI,277,6,8,0,,0,63,0,0,0,0
2006,4,14,5,1452,1455,1730,1740,F9,138,N925FR,98,105,80,-10,-3,DEN,DFW,641,9,9,0,,0,0,0,0,0,0
2006,10,22,7,1122,1055,1237,1220,WN,1977,N489,75,85,64,17,27,SNA,SMF,404,3,8,0,,0,4,0,0,0,13
2006,3,8,3,1736,1745,1913,1912,OO,6274,N585SW,97,87,83,1,-9,RAP,DEN,301,5,9,0,,0,0,0,0,0,0
2006,5,11,4,1256,1235,1650,1630,WN,987,N522,114,115,94,20,21,LAS,AMA,758,5,15,0,,0,20,0,0,0,0
2006,5,2,2,1348,1321,1634,1615,NW,1905,N338NB,226,234,210,19,27,FLL,MSP,1487,4,12,0,,0,15,0,0,0,4
2006,5,19,5,1846,1849,2221,2217,NW,184,N334NW,155,148,128,4,-3,MSP,BDL,1050,8,19,0,,0,0,0,0,0,0
2006,7,12,3,1728,1726,1918,1926,OO,3902,N426SW,110,120,91,-8,2,SLC,ELP,693,6,13,0,,0,0,0,0,0,0
2006,5,21,7,1822,1822,1912,1915,UA,1415,N495UA,110,113,94,-3,0,DEN,LAS,629,7,9,0,,0,0,0,0,0,0
2006,7,27,4,1443,1445,1531,1535,WN,2333,N502,48,50,38,-4,-2,HOU,SAT,192,2,8,0,,0,0,0,0,0,0
2006,8,11,5,1829,1825,1952,1936,EV,4241,N642AS,83,71,39,16,4,AVL,ATL,164,32,12,0,,0,0,0,16,0,0
2006,5,31,3,1534,1540,1646,1657,US,197,N913AW,72,77,51,-11,-6,SAN,PHX,304,6,15,0,,0,0,0,0,0,0
2006,5,10,3,1506,1509,2234,2251,US,418,N658AW,268,282,249,-17,-3,PHX,BDL,2213,9,10,0,,0,0,0,0,0,0
2006,5,17,3,1953,1930,2220,2154,US,573,N432US,147,144,127,26,23,DCA,PBI,857,4,16,0,,0,0,23,3,0,0
2006,9,17,7,1009,1010,1557,1523,AA,858,N4XKAA,228,193,197,34,-1,SJC,DFW,1438,16,15,0,,0,0,0,34,0,0
2006,8,26,6,1130,1133,1302,1306,AA,1391,N3ALAA,152,153,131,-4,-3,MIA,IAH,964,10,11,0,,0,0,0,0,0,0
2006,5,1,1,1915,1855,1955,1945,WN,2218,N317SW,160,170,145,10,20,HOU,PHX,1020,5,10,0,,0,0,0,0,0,0
2006,8,27,7,1242,1207,1500,1438,NW,418,N550NW,138,151,119,22,35,DTW,MCO,957,3,16,0,,0,10,0,0,0,12
2006,8,15,2,1753,1757,1904,1913,MQ,3671,N935AE,71,76,57,-9,-4,DFW,CRP,354,4,10,0,,0,0,0,0,0,0
2006,4,20,4,1457,1500,1648,1639,OH,5144,N959CA,111,99,76,9,-3,CVG,SYR,527,5,30,0,,0,0,0,0,0,0
2006,7,11,2,1821,1823,2105,2113,US,493,N322AW,104,110,82,-8,-2,PHX,DEN,602,4,18,0,,0,0,0,0,0,0
2006,4,2,7,1347,1230,1709,1555,OO,6378,N773SK,142,145,111,74,77,SFO,COS,963,7,24,0,,0,74,0,0,0,0
2006,5,26,5,636,638,1212,1221,AA,2038,N5WAAA,216,223,200,-9,-2,SEA,DFW,1660,4,12,0,,0,0,0,0,0,0
2006,6,28,3,1901,1855,2012,2003,XE,2519,N12569,71,68,46,9,6,CLE,ROC,245,17,8,0,,0,0,0,0,0,0
2006,9,30,6,1018,1007,1342,1342,EV,4551,N723EV,144,155,123,0,11,SLC,MSP,991,3,18,0,,0,0,0,0,0,0
2006,4,8,6,1748,1725,2048,2015,FL,283,N173AT,180,170,159,33,23,BOS,ATL,946,6,15,0,,0,0,0,10,0,23
2006,11,2,4,1755,1718,2100,2020,FL,296,N935AT,125,122,95,40,37,HOU,ATL,696,24,6,0,,0,0,0,3,0,37
2006,6,16,5,1545,1520,1703,1640,WN,761,N480,78,80,60,23,25,LAX,PHX,370,8,10,0,,0,8,0,0,0,15
2006,7,6,4,2056,2045,2319,2303,DL,1741,N992DL,143,138,93,16,11,ATL,LGA,761,10,40,0,,0,6,0,5,0,5
2006,6,28,3,1630,1630,1744,1737,MQ,3089,N396AE,74,67,38,7,0,LAX,SAN,109,8,28,0,,0,0,0,0,0,0
2006,3,10,5,2212,2055,2420,2326,EV,4651,N723EV,128,151,-1327,54,77,ATL,PWM,1027,1442,13,0,,0,54,0,0,0,0
2006,1,9,1,2044,2020,17,2347,MQ,3645,N511AE,153,147,118,30,24,DFW,PIT,1068,11,24,0,,0,9,0,6,0,15
2006,4,25,2,1955,1959,2228,2232,DL,526,N956DL,153,153,119,-4,-4,ATL,BOS,946,7,27,0,,0,0,0,0,0,0
2006,2,2,4,613,615,911,914,TZ,4224,N314TZ,118,119,102,-3,-2,MDW,LGA,725,7,9,0,,0,0,0,0,0,0
2006,5,15,1,2036,2040,2146,2157,OO,6677,N912SW,130,137,113,-11,-4,DEN,FAT,844,4,13,0,,0,0,0,0,0,0
2006,9,1,5,1415,1415,1522,1525,EV,4160,N877AS,67,70,43,-3,0,CAE,ATL,191,14,10,0,,0,0,0,0,0,0
2006,9,8,5,736,741,850,845,YV,7241,N511MJ,134,124,91,5,-5,CLT,ORD,599,4,39,0,,0,0,0,0,0,0
2006,9,11,1,NA,1745,NA,2002,XE,2023,0,NA,77,NA,NA,NA,ORD,CLE,316,0,0,1,C,0,0,0,0,0,0
2006,9,24,7,1044,1045,1150,1155,AA,1530,N422AA,66,70,40,-5,-1,IAH,DFW,224,8,18,0,,0,0,0,0,0,0
2006,5,16,2,923,927,1057,1059,MQ,4026,N518AE,94,92,77,-2,-4,BNA,ORD,409,8,9,0,,0,0,0,0,0,0
2006,4,21,5,1817,1800,1950,1934,DL,1190,N955DL,93,94,66,16,17,MLB,ATL,443,11,16,0,,0,0,0,12,0,4
2006,7,15,6,1120,1119,1235,1242,DL,900,N238WA,75,83,54,-7,1,ATL,DAB,366,4,17,0,,0,0,0,0,0,0
2006,7,2,7,2150,2155,2236,2250,WN,521,N460,46,55,37,-14,-5,MCO,FLL,178,2,7,0,,0,0,0,0,0,0
2006,12,31,7,1149,1155,1317,1340,AA,1861,N076AA,148,165,133,-23,-6,SJU,MIA,1045,6,9,0,,0,0,0,0,0,0
2006,1,15,7,1833,1830,2031,2023,DL,1659,N922DL,118,113,94,8,3,PBI,ATL,545,6,18,0,,0,0,0,0,0,0
2006,10,7,6,1703,1657,1826,1840,US,627,N836AW,263,283,247,-14,6,RDU,PHX,1891,7,9,0,,0,0,0,0,0,0
2006,6,13,2,1217,1200,1252,1232,AQ,221,N828AL,35,32,22,20,17,OGG,HNL,100,5,8,0,,0,0,0,0,0,20
2006,10,11,3,1727,1730,1843,1846,US,1734,N186UW,76,76,57,-3,-3,CLT,DCA,331,6,13,0,,0,0,0,0,0,0
2006,2,9,4,2211,2210,48,44,NW,770,N368NW,97,94,65,4,1,MSP,DTW,528,6,26,0,,0,0,0,0,0,0
2006,3,17,5,841,840,946,950,XE,2884,N13936,65,70,37,-4,1,EWR,BWI,169,4,24,0,,0,0,0,0,0,0
2006,12,7,4,2041,1950,2142,2108,UA,289,N369UA,61,78,45,34,51,ORD,DSM,299,5,11,0,,0,0,0,0,0,34
2006,5,4,4,1306,642,1452,822,AA,845,N541AA,166,160,126,390,384,JAX,DFW,919,19,21,0,,0,384,0,6,0,0
2006,12,10,7,1644,1655,1808,1821,FL,482,N952AT,84,86,64,-13,-11,BWI,BOS,370,11,9,0,,0,0,0,0,0,0
2006,10,7,6,623,630,835,830,OH,5260,N317CA,132,120,100,5,-7,JAX,CVG,614,4,28,0,,0,0,0,0,0,0
2006,3,16,4,1536,1531,1632,1632,DL,800,N3737C,56,61,37,0,5,ATL,SAV,215,4,15,0,,0,0,0,0,0,0
2006,12,5,2,1947,2000,2151,2200,UA,1531,N448UA,244,240,224,-9,-13,MCO,DEN,1545,10,10,0,,0,0,0,0,0,0
2006,1,19,4,1432,1435,1529,1539,XE,2679,N14186,117,124,98,-10,-3,IAH,ELP,667,3,16,0,,0,0,0,0,0,0
2006,10,10,2,1557,1535,1842,1815,AA,1236,N5DXAA,165,160,137,27,22,SJU,MIA,1045,9,19,0,,0,0,0,5,0,22
2006,10,18,3,901,900,1057,1048,DL,793,N688DL,236,228,211,9,1,CVG,SLC,1449,8,17,0,,0,0,0,0,0,0
2006,5,17,3,1635,1630,1740,1730,WN,2539,N793,65,60,45,10,5,BWI,ISP,220,5,15,0,,0,0,0,0,0,0
2006,7,27,4,712,712,956,954,MQ,4056,N925AE,104,102,79,2,0,ORD,SYR,607,6,19,0,,0,0,0,0,0,0
2006,7,27,4,551,540,651,636,OO,6516,N934SW,60,56,39,15,11,FAT,LAX,209,7,14,0,,0,15,0,0,0,0
2006,5,17,3,1340,1345,1500,1510,WN,2979,N353,80,85,57,-10,-5,PHL,RDU,336,3,20,0,,0,0,0,0,0,0
2006,3,8,3,1151,1155,1304,1315,WN,773,N326,73,80,63,-11,-4,JAN,HOU,359,4,6,0,,0,0,0,0,0,0
2006,4,22,6,1120,1120,1242,1245,WN,1971,N697SW,82,85,74,-3,0,OAK,SAN,446,4,4,0,,0,0,0,0,0,0
2006,10,24,2,1148,1151,1243,1250,EV,4411,N820AS,55,59,33,-7,-3,ATL,TLH,223,6,16,0,,0,0,0,0,0,0
2006,11,6,1,1123,1119,1346,1339,FL,570,N937AT,143,140,114,7,4,ATL,EWR,745,6,23,0,,0,0,0,0,0,0
2006,5,23,2,932,935,1039,1053,AA,1599,N464AA,127,138,106,-14,-3,IND,DFW,762,6,15,0,,0,0,0,0,0,0
2006,2,16,4,1458,1445,1642,1635,AA,1954,N409AA,164,170,140,7,13,JAX,DFW,919,10,14,0,,0,0,0,0,0,0
2006,7,14,5,1824,1820,1915,1907,US,4,N439US,51,47,30,8,4,BWI,PHL,90,9,12,0,,0,0,0,0,0,0
2006,7,28,5,1053,1011,1238,1219,UA,197,N454UA,225,248,201,19,42,PHL,DEN,1557,5,19,0,,0,10,0,0,0,9
2006,10,2,1,927,759,1028,904,AA,1039,N4XXAA,121,125,105,84,88,DCA,STL,719,3,13,0,,0,84,0,0,0,0
2006,11,2,4,940,945,1154,1154,US,1067,N451UW,134,129,102,0,-5,CLT,MIA,650,5,27,0,,0,0,0,0,0,0
2006,4,14,5,2155,2155,547,603,CO,1803,N57868,292,308,261,-16,0,LAX,EWR,2454,7,24,0,,0,0,0,0,0,0
2006,7,19,3,949,950,1116,1110,AA,317,N571AA,147,140,106,6,-1,LGA,ORD,733,8,33,0,,0,0,0,0,0,0
2006,3,6,1,1958,1957,2103,2047,OO,6145,N579SW,65,50,37,16,1,SMX,LAX,135,17,11,0,,0,16,0,0,0,0
2006,11,23,4,1705,1715,1917,1937,FL,718,N892AT,132,142,109,-20,-10,IAD,MCO,758,5,18,0,,0,0,0,0,0,0
2006,12,28,4,1700,1545,1759,1655,WN,2302,N764,59,70,48,64,75,SJC,ONT,333,4,7,0,,0,7,0,0,0,57
2006,8,30,3,558,600,723,723,AA,1055,N421AA,145,143,125,0,-2,DEN,LAX,862,12,8,0,,0,0,0,0,0,0
2006,9,21,4,1916,1916,2102,2030,DL,750,N685DA,226,194,187,32,0,ATL,ABQ,1269,8,31,0,,0,0,0,32,0,0
2006,8,17,4,1442,600,1527,654,MQ,4182,N683AE,105,114,90,513,522,SYR,ORD,607,7,8,0,,0,513,0,0,0,0
2006,4,16,7,633,640,725,749,UA,871,N942UA,112,129,96,-24,-7,MSP,DEN,680,4,12,0,,0,0,0,0,0,0
2006,2,24,5,1402,1312,1622,1600,NW,594,N520US,80,108,65,22,50,MSP,DTW,528,6,9,0,,0,22,0,0,0,0
2006,11,15,3,2204,2205,552,540,CO,369,N57869,288,275,262,12,-1,LAS,EWR,2227,8,18,0,,0,0,0,0,0,0
2006,2,9,4,1423,1425,1612,1605,NW,950,N777NC,109,100,90,7,-2,MEM,MKE,556,5,14,0,,0,0,0,0,0,0
2006,8,1,2,1038,1035,1305,1305,HA,3,N585HA,327,330,129,0,3,LAX,HNL,2556,6,12,0,,0,0,0,0,0,0
2006,1,27,5,1737,1745,1829,1856,OH,5066,N920CA,52,71,41,-27,-8,CRW,CVG,173,3,8,0,,0,0,0,0,0,0
2006,7,20,4,1645,1300,1824,1445,WN,2600,N452,219,225,196,219,225,MDW,LAS,1521,8,15,0,,0,0,5,0,0,214
2006,5,22,1,1440,1423,1605,1525,YV,7204,N858MJ,85,62,46,40,17,PIT,IAD,183,9,30,0,,0,40,0,0,0,0
2006,6,21,3,1215,1213,1503,1514,AA,1819,N062AA,168,181,144,-11,2,JFK,MIA,1090,4,20,0,,0,0,0,0,0,0
2006,6,15,4,1725,1725,1820,1824,YV,5008,N919FJ,55,59,32,-4,0,CLT,ILM,185,5,18,0,,0,0,0,0,0,0
2006,4,19,3,652,653,739,745,OO,6829,N710SK,47,52,28,-6,-1,MSN,ORD,109,8,11,0,,0,0,0,0,0,0
2006,10,11,3,1105,1050,1359,1350,WN,903,N376,114,120,96,9,15,MDW,PHL,668,8,10,0,,0,0,0,0,0,0
2006,1,3,2,1603,1530,1848,1830,WN,2551,N226,165,180,140,18,33,ISP,PBI,1052,18,7,0,,0,8,0,0,0,10
2006,6,30,5,1815,1800,1845,1833,XE,2047,N12157,150,153,127,12,15,IAH,TUS,936,6,17,0,,0,0,0,0,0,0
2006,6,14,3,2135,2140,2258,2241,DL,1659,N986DL,143,121,92,17,-5,ATL,ORD,606,7,44,0,,0,0,0,17,0,0
2006,3,27,1,1012,1015,1231,1223,NW,464,N767NC,139,128,97,8,-3,ATL,DTW,594,21,21,0,,0,0,0,0,0,0
2006,4,7,5,710,710,730,735,WN,408,N502,140,145,128,-5,0,OKC,PHX,833,5,7,0,,0,0,0,0,0,0
2006,1,20,5,1850,1850,1943,1945,WN,2107,N502,53,55,41,-2,0,SAT,DAL,248,3,9,0,,0,0,0,0,0,0
2006,9,20,3,1648,1650,1855,1900,WN,2288,N761,67,70,46,-5,-2,PHX,ELP,347,4,17,0,,0,0,0,0,0,0
2006,2,13,1,948,948,1542,1553,US,841,N839AW,234,245,214,-11,0,PHX,RDU,1891,3,17,0,,0,0,0,0,0,0
2006,2,23,4,1629,1635,1823,1820,XE,3292,N13978,114,105,82,3,-6,MEM,IAH,469,6,26,0,,0,0,0,0,0,0
2006,6,15,4,710,705,818,820,WN,2889,N422,68,75,53,-2,5,PHL,MHT,290,2,13,0,,0,0,0,0,0,0
2006,7,16,7,1757,1755,1948,2000,CO,1431,N77295,111,125,86,-12,2,BOS,CLE,563,8,17,0,,0,0,0,0,0,0
2006,7,8,6,1603,1611,1724,1737,NW,1759,N677MC,81,86,58,-13,-8,SYR,DTW,374,9,14,0,,0,0,0,0,0,0
2006,7,25,2,1341,1345,1554,1607,UA,701,N834UA,253,262,232,-13,-4,BOS,DEN,1754,8,13,0,,0,0,0,0,0,0
2006,1,18,3,1610,1605,1627,1628,OH,4984,N916CA,77,83,62,-1,5,CVG,BHM,396,5,10,0,,0,0,0,0,0,0
2006,3,12,7,852,855,1025,1025,WN,2952,N654SW,93,90,83,0,-3,SAN,SMF,480,2,8,0,,0,0,0,0,0,0
2006,2,11,6,1244,1240,1432,1444,AS,325,N950AS,108,124,90,-12,4,SJC,SEA,697,7,11,0,,0,0,0,0,0,0
2006,9,11,1,1313,1315,1809,1813,US,1524,N107UW,176,178,160,-4,-2,DEN,CLT,1337,5,11,0,,0,0,0,0,0,0
2006,1,25,3,1459,1502,1614,1614,DL,1709,N3738B,135,132,115,0,-3,ATL,MCI,692,4,16,0,,0,0,0,0,0,0
2006,4,7,5,1217,1215,1350,1400,F9,833,N909FR,153,165,137,-10,2,DEN,SEA,1024,8,8,0,,0,0,0,0,0,0
2006,5,19,5,630,630,957,952,OH,5186,N940CA,147,142,132,5,0,IAH,CVG,871,3,12,0,,0,0,0,0,0,0
2006,12,31,7,1540,1540,1801,1805,WN,1491,N601WN,81,85,67,-4,0,BUR,PHX,369,6,8,0,,0,0,0,0,0,0
2006,5,25,4,2136,2130,2251,2250,B6,1079,N187JB,75,80,52,1,6,JFK,RIC,288,2,21,0,,0,0,0,0,0,0
2006,11,5,7,912,915,1210,1204,UA,784,N372UA,118,109,94,6,-3,ORD,BWI,622,6,18,0,,0,0,0,0,0,0
2006,6,5,1,1259,1300,1416,1422,FL,415,N921AT,77,82,64,-6,-1,DAY,BWI,406,5,8,0,,0,0,0,0,0,0
2006,1,15,7,750,752,1114,1030,AA,1440,N506AA,204,158,167,44,-2,TPA,LGA,1011,12,25,0,,0,0,0,44,0,0
2006,10,28,6,1923,1758,2300,2133,NW,694,N355NB,157,155,131,87,85,DFW,DTW,987,8,18,0,,0,0,0,2,0,85
2006,2,1,3,1818,1808,1919,1919,DL,238,N123DN,61,71,46,0,10,JAX,ATL,270,6,9,0,,0,0,0,0,0,0
2006,10,9,1,746,750,942,951,XE,2320,N18114,116,121,91,-9,-4,IAH,MCI,643,5,20,0,,0,0,0,0,0,0
2006,11,17,5,724,724,829,820,EV,4706,N640AS,65,56,43,9,0,CHA,ATL,106,13,9,0,,0,0,0,0,0,0
2006,2,14,2,1900,1900,2122,2130,EV,4566,N926EV,142,150,120,-8,0,ATL,BTV,960,7,15,0,,0,0,0,0,0,0
2006,8,7,1,655,655,1003,1003,EV,4416,N837AS,128,128,112,0,0,ICT,ATL,781,6,10,0,,0,0,0,0,0,0
2006,3,16,4,734,735,1029,1015,DL,1513,N909DA,235,220,188,14,-1,ORD,SLC,1249,21,26,0,,0,0,0,0,0,0
2006,1,1,7,1720,1720,1804,1810,WN,1551,N340,44,50,36,-6,0,DAL,OKC,181,2,6,0,,0,0,0,0,0,0
2006,10,9,1,1524,1525,1833,1845,AA,446,N513AA,129,140,115,-12,-1,DEN,ORD,888,5,9,0,,0,0,0,0,0,0
2006,10,6,5,1449,1450,1829,1825,AA,428,N245AA,160,155,138,4,-1,DFW,DTW,987,7,15,0,,0,0,0,0,0,0
2006,11,6,1,853,850,956,950,WN,576,N788,63,60,42,6,3,LAS,BUR,223,3,18,0,,0,0,0,0,0,0
2006,6,5,1,1529,1524,1621,1627,MQ,4237,N659AE,52,63,38,-6,5,ORD,LSE,215,2,12,0,,0,0,0,0,0,0
2006,10,1,7,714,720,752,808,OO,5877,N971SW,38,48,23,-16,-6,MSN,ORD,109,6,9,0,,0,0,0,0,0,0
2006,11,29,3,820,820,1033,1018,US,472,N667AW,193,178,147,15,0,IAH,PHX,1009,31,15,0,,0,0,0,15,0,0
2006,6,25,7,1000,955,1213,1214,FL,524,N936AT,73,79,52,-1,5,MEM,ATL,332,10,11,0,,0,0,0,0,0,0
2006,8,18,5,1810,1803,2240,2211,YV,2815,N7305V,150,128,111,29,7,PHX,OKC,833,5,34,0,,0,29,0,0,0,0
2006,7,24,1,2100,2105,2210,2228,AA,1957,N517AA,70,83,58,-18,-5,SFO,LAX,337,2,10,0,,0,0,0,0,0,0
2006,1,16,1,1145,1145,1645,1655,F9,724,N923FR,180,190,162,-10,0,DEN,DCA,1476,5,13,0,,0,0,0,0,0,0
2006,9,16,6,836,838,1132,1130,UA,1412,N467UA,116,112,75,2,-2,LAS,DEN,629,25,16,0,,0,0,0,0,0,0
2006,9,5,2,1021,1021,1235,1220,AA,1725,N218AA,194,179,172,15,0,IAD,DFW,1172,8,14,0,,0,0,0,15,0,0
2006,8,17,4,636,640,743,748,MQ,3191,N828AE,67,68,48,-5,-4,LAX,SJC,308,4,15,0,,0,0,0,0,0,0
2006,12,1,5,1734,1730,1835,1828,CO,1041,N17244,61,58,30,7,4,IAH,AUS,140,5,26,0,,0,0,0,0,0,0
2006,12,12,2,1131,1135,1636,1649,UA,918,N842UA,185,194,169,-13,-4,DEN,IAD,1452,5,11,0,,0,0,0,0,0,0
2006,12,12,2,2246,2240,722,703,DL,1496,N6702,336,323,307,19,6,SFO,JFK,2586,9,20,0,,0,0,6,13,0,0
2006,12,12,2,1735,1704,1842,1806,NW,1126,N376NB,67,62,45,36,31,DTW,BUF,240,6,16,0,,0,31,0,5,0,0
2006,3,12,7,930,900,1205,1150,WN,523,N663SW,95,110,82,15,30,LAS,BOI,520,3,10,0,,0,1,0,0,0,14
2006,3,9,4,NA,1708,NA,1948,MQ,3602,0,NA,160,NA,NA,NA,MKE,DFW,853,0,0,1,B,0,0,0,0,0,0
2006,2,15,3,1140,1140,1217,1215,WN,612,N453,97,95,79,2,0,PHX,BUR,369,3,15,0,,0,0,0,0,0,0
2006,3,26,7,552,600,821,835,XE,2916,N21129,209,215,187,-14,-8,ORF,IAH,1201,7,15,0,,0,0,0,0,0,0
2006,6,24,6,2124,2052,2246,2217,OO,6250,N224SW,82,85,69,29,32,SFO,MFR,329,3,10,0,,0,29,0,0,0,0
2006,6,19,1,1025,1027,1229,1234,NW,464,N352NW,124,127,88,-5,-2,ATL,DTW,594,10,26,0,,0,0,0,0,0,0
2006,5,7,7,1101,1107,1259,1255,AA,2225,N474AA,178,168,133,4,-6,DTW,DFW,987,36,9,0,,0,0,0,0,0,0
2006,3,30,4,700,700,908,923,EV,4627,N902EV,128,143,111,-15,0,AVP,ATL,714,10,7,0,,0,0,0,0,0,0
2006,11,22,3,2033,1950,2228,2128,UA,187,N572UA,175,158,144,60,43,DEN,SJC,948,6,25,0,,0,43,0,17,0,0
2006,2,19,7,1841,1826,2335,2352,UA,370,N851UA,174,206,158,-17,15,DEN,PHL,1557,4,12,0,,0,0,0,0,0,0
2006,7,27,4,1042,1045,1231,1241,AA,1745,N3AWAA,109,116,81,-10,-3,ATL,MIA,595,4,24,0,,0,0,0,0,0,0
2006,8,17,4,636,741,825,845,YV,7101,N75983,169,124,87,-20,-65,CLT,ORD,599,4,78,0,,0,0,0,0,0,0
2006,2,19,7,1352,1330,1406,1350,WN,1330,N221,74,80,64,16,22,PHX,LAX,370,4,6,0,,0,0,0,0,0,16
2006,10,25,3,1812,1750,2027,2015,DL,455,N397DA,135,145,109,12,22,BOS,CVG,752,9,17,0,,0,0,0,0,0,0
2006,6,7,3,1528,1405,1646,1511,US,748,N628AW,78,66,59,95,83,LAX,LAS,236,5,14,0,,0,0,0,12,0,83
2006,10,7,6,934,935,1132,1150,CO,542,N17644,178,195,155,-18,-1,IAH,SLC,1195,6,17,0,,0,0,0,0,0,0
2006,10,22,7,1538,1535,1741,1722,NW,337,N349NW,303,287,266,19,3,DTW,LAX,1979,13,24,0,,0,0,0,19,0,0
2006,10,24,2,1727,1730,1949,2005,WN,2390,N343,142,155,123,-16,-3,PHL,MCO,861,6,13,0,,0,0,0,0,0,0
2006,10,27,5,2042,2045,2302,2310,AA,1478,N3BBAA,140,145,117,-8,-3,MIA,IAD,921,6,17,0,,0,0,0,0,0,0
2006,1,21,6,1427,1409,1507,1454,MQ,4405,N933JN,100,105,73,13,18,TYS,ORD,475,8,19,0,,0,0,0,0,0,0
2006,4,24,1,657,700,910,905,MQ,4893,N855AE,133,125,84,5,-3,LGA,CLT,544,7,42,0,,0,0,0,0,0,0
2006,11,17,5,858,830,1008,955,WN,2305,N391SW,70,85,63,13,28,MDW,MCI,405,2,5,0,,0,0,0,0,0,0
2006,12,21,4,1607,1455,1850,1749,CO,377,N36207,163,174,144,61,72,RSW,EWR,1068,8,11,0,,0,0,0,61,0,0
2006,10,23,1,636,635,815,824,XE,3297,N14568,99,109,79,-9,1,DAY,EWR,533,8,12,0,,0,0,0,0,0,0
2006,3,4,6,1321,1330,1543,1558,AS,486,N762AS,142,148,129,-15,-9,PDX,SNA,859,5,8,0,,0,0,0,0,0,0
2006,11,26,7,2242,2245,6,7,CO,1697,N17245,204,202,177,-1,-3,IAH,LAS,1222,12,15,0,,0,0,0,0,0,0
2006,6,13,2,1236,1236,1410,1417,AA,1009,N420AA,214,221,198,-7,0,DFW,OAK,1456,3,13,0,,0,0,0,0,0,0
2006,11,11,6,40,45,734,755,DL,704,N3731T,234,250,215,-21,-5,LAX,CVG,1900,5,14,0,,0,0,0,0,0,0
2006,5,6,6,1121,1129,1215,1223,OO,3912,N432SW,114,114,91,-8,-8,SLC,EUG,619,3,20,0,,0,0,0,0,0,0
2006,6,21,3,1533,1529,1852,1827,NW,1838,N607NW,139,118,97,25,4,MSP,BUF,734,20,22,0,,0,0,0,25,0,0
2006,3,15,3,1622,1622,1833,1821,NW,261,N526US,131,119,84,12,0,LGA,DTW,501,16,31,0,,0,0,0,0,0,0
2006,6,19,1,2027,2028,2202,2219,EV,4845,N904EV,95,111,80,-17,-1,ATL,AZO,596,2,13,0,,0,0,0,0,0,0
2006,6,19,1,1300,1255,1346,1348,US,219,N577US,46,53,32,-2,5,CLT,MYR,156,4,10,0,,0,0,0,0,0,0
2006,4,14,5,751,754,906,910,MQ,4144,N695AE,75,76,53,-4,-3,MSP,ORD,334,11,11,0,,0,0,0,0,0,0
2006,10,26,4,1205,1200,1415,1412,US,797,N201UU,310,312,287,3,5,PHL,LAS,2176,7,16,0,,0,0,0,0,0,0
2006,3,17,5,1426,1405,1601,1535,MQ,3118,N512AE,215,210,202,26,21,XNA,LAX,1371,4,9,0,,0,21,0,5,0,0
2006,12,19,2,1858,1905,2022,2029,XE,2668,N12967,84,84,63,-7,-7,CLE,ALB,424,5,16,0,,0,0,0,0,0,0
2006,10,18,3,1343,1340,1453,1455,WN,1797,N388SW,70,75,60,-2,3,PHX,SNA,338,4,6,0,,0,0,0,0,0,0
2006,10,6,5,1332,1320,1840,1810,CO,50,N17105,248,230,219,30,12,IAH,EWR,1400,9,20,0,,0,12,0,18,0,0
2006,10,14,6,1136,1146,1251,1243,OO,6252,N251YV,75,57,59,8,-10,SBP,SFO,191,5,11,0,,0,0,0,0,0,0
2006,2,19,7,842,818,1141,1115,AA,1970,N387AA,179,177,159,26,24,MIA,EWR,1086,5,15,0,,0,24,0,2,0,0
2006,10,20,5,1157,1128,1334,1252,FL,744,N944AT,97,84,72,42,29,MCO,ATL,403,9,16,0,,0,0,0,13,0,29
2006,5,29,1,1634,1640,1741,1745,XE,2396,N14907,67,65,32,-4,-6,BDL,EWR,116,10,25,0,,0,0,0,0,0,0
2006,12,22,5,1820,1820,1916,1920,MQ,3426,N905JH,56,60,43,-4,0,DAL,SAT,248,3,10,0,,0,0,0,0,0,0
2006,3,4,6,1335,1330,1340,1340,WN,1818,N477,65,70,50,0,5,PHX,ONT,325,5,10,0,,0,0,0,0,0,0
2006,1,19,4,944,945,1549,1550,US,883,N905AW,245,245,224,-1,-1,PHX,FLL,1972,5,16,0,,0,0,0,0,0,0
2006,3,12,7,1528,1533,1636,1649,MQ,3571,N834AE,68,76,57,-13,-5,DFW,JAN,408,2,9,0,,0,0,0,0,0,0
2006,4,25,2,552,600,747,751,MQ,3564,N619AE,175,171,154,-4,-8,GSO,DFW,999,10,11,0,,0,0,0,0,0,0
2006,4,4,2,1728,1730,1920,1839,DL,1930,N911DE,112,69,55,41,-2,LGA,BOS,185,5,52,0,,0,0,0,41,0,0
2006,5,31,3,2010,2020,2328,2316,CO,277,N29717,198,176,175,12,-10,RSW,EWR,1068,9,14,0,,0,0,0,0,0,0
2006,2,16,4,746,750,914,923,XE,2715,N16502,88,93,62,-9,-4,CLE,RDU,416,9,17,0,,0,0,0,0,0,0
2006,7,28,5,1952,1958,2036,2038,HA,307,N479HA,44,40,29,-2,-6,KOA,HNL,163,6,9,0,,0,0,0,0,0,0
2006,8,27,7,1106,1110,1252,1300,DL,753,N626DL,106,110,82,-8,-4,ATL,FLL,581,11,13,0,,0,0,0,0,0,0
2006,3,13,1,1945,1905,1943,1914,EV,4222,N643AS,58,69,38,29,40,ATL,MGM,147,3,17,0,,0,12,17,0,0,0
2006,4,22,6,755,801,902,904,UA,341,N925UA,127,123,102,-2,-6,MDT,ORD,594,7,18,0,,0,0,0,0,0,0
2006,11,12,7,738,740,1208,1215,WN,2175,N685,150,155,131,-7,-2,LAS,OMA,1099,2,17,0,,0,0,0,0,0,0
2006,12,8,5,1311,1315,1633,1657,UA,1532,N482UA,142,162,125,-24,-4,ORD,MCO,1005,4,13,0,,0,0,0,0,0,0
2006,9,9,6,1220,1220,1342,1340,WN,2588,N216,82,80,70,2,0,SNA,SMF,404,3,9,0,,0,0,0,0,0,0
2006,11,6,1,1823,1820,2145,2145,AA,365,N634AA,202,205,177,0,3,BOS,MIA,1258,5,20,0,,0,0,0,0,0,0
2006,2,14,2,1108,1111,1213,1210,OO,6849,N967SW,65,59,32,3,-3,ORD,SPI,174,5,28,0,,0,0,0,0,0,0
2006,10,30,1,1118,1107,1246,1238,DL,908,N928DL,88,91,57,8,11,ATL,CVG,373,6,25,0,,0,0,0,0,0,0
2006,4,18,2,1025,1030,1534,1539,UA,902,N778UA,189,189,165,-5,-5,DEN,IAD,1452,8,16,0,,0,0,0,0,0,0
2006,8,11,5,1929,1930,2222,2243,UA,330,N922UA,113,133,93,-21,-1,ORD,PHL,678,7,13,0,,0,0,0,0,0,0
2006,3,20,1,1944,1850,2154,2038,AA,847,N487AA,250,228,217,76,54,DFW,SJC,1438,4,29,0,,0,0,40,22,0,14
2006,12,4,1,1622,1630,1850,1850,DL,1723,N906DA,268,260,228,0,-8,CLE,SLC,1565,5,35,0,,0,0,0,0,0,0
2006,5,25,4,1747,1704,2029,1955,UA,1432,N486UA,102,111,84,34,43,LAS,DEN,629,5,13,0,,0,0,0,0,0,34
2006,11,9,4,2108,2045,2252,2230,DL,1678,N903DA,224,225,205,22,23,CVG,SLC,1449,8,11,0,,0,22,0,0,0,0
2006,3,5,7,1029,1031,1222,1225,FL,76,N281AT,113,114,79,-3,-2,ATL,FLL,581,8,26,0,,0,0,0,0,0,0
2006,11,10,5,933,931,1054,1055,OO,3870,N405SW,81,84,65,-1,2,SLC,HLN,402,3,13,0,,0,0,0,0,0,0
2006,7,10,1,1454,1500,2027,2005,CO,761,N14628,273,245,231,22,-6,SAT,EWR,1569,22,20,0,,0,0,0,22,0,0
2006,8,5,6,2128,2130,2257,2300,F9,667,N945FR,149,150,130,-3,-2,DEN,SFO,967,6,13,0,,0,0,0,0,0,0
2006,12,2,6,1142,1135,1424,1425,B6,232,N579JB,102,110,148,-1,7,LGB,SLC,589,3,11,0,,0,0,0,0,0,0
2006,1,27,5,1505,1440,1603,1545,WN,1667,N341,58,65,50,18,25,PHX,ELP,347,3,5,0,,0,0,0,0,0,18
2006,5,7,7,1608,1610,1719,1736,OH,5684,N471CA,71,86,64,-17,-2,SCE,CVG,383,2,5,0,,0,0,0,0,0,0
2006,8,28,1,1328,1330,1425,1434,MQ,3049,N383AE,57,64,34,-9,-2,LAX,SAN,109,4,19,0,,0,0,0,0,0,0
2006,10,8,7,1140,1140,1211,1214,HA,305,N480HA,31,34,21,-3,0,OGG,HNL,100,5,5,0,,0,0,0,0,0,0
2006,2,28,2,1804,1748,2013,2018,CO,227,N16339,189,210,165,-5,16,BWI,IAH,1235,5,19,0,,0,0,0,0,0,0
2006,10,8,7,2200,2200,650,640,TZ,4406,N518AT,350,340,335,10,0,HNL,LAS,2762,5,10,0,,0,0,0,0,0,0
2006,2,4,6,1904,1849,2242,2216,NW,398,N338NW,158,147,136,26,15,MSP,BDL,1050,6,16,0,,0,15,0,11,0,0
2006,12,12,2,1309,1255,1532,1530,MQ,4369,N802AE,143,155,132,2,14,SDF,MIA,911,4,7,0,,0,0,0,0,0,0
2006,1,26,4,2010,2013,2218,2236,AA,1043,N3BXAA,248,263,228,-18,-3,MIA,DEN,1709,6,14,0,,0,0,0,0,0,0
2006,4,5,3,1210,1200,1359,1345,WN,1651,N225,229,225,215,14,10,MDW,PHX,1444,2,12,0,,0,0,0,0,0,0
2006,1,13,5,1749,1750,1822,1835,US,1632,N818MD,33,45,28,-13,-1,EYW,FLL,145,2,3,0,,0,0,0,0,0,0
2006,8,18,5,1257,1300,2006,1957,US,150,N122UW,249,237,231,9,-3,PHX,PIT,1813,7,11,0,,0,0,0,0,0,0
2006,3,21,2,1900,1805,1925,1835,WN,902,N332,85,90,70,50,55,ABQ,LAS,487,5,10,0,,0,7,0,0,0,43
2006,10,25,3,1719,1720,2039,2050,WN,2384,N369,140,150,125,-11,-1,MCI,TPA,1048,4,11,0,,0,0,0,0,0,0
2006,4,1,6,853,857,1234,1246,AA,1394,N484AA,161,169,144,-12,-4,DFW,FLL,1119,5,12,0,,0,0,0,0,0,0
2006,2,8,3,1150,1155,1325,1330,YV,6019,N77302,95,95,69,-5,-5,GJT,PHX,438,10,16,0,,0,0,0,0,0,0
2006,2,13,1,1709,1718,1913,1927,MQ,3976,N654AE,124,129,105,-14,-9,OKC,ORD,693,6,13,0,,0,0,0,0,0,0
2006,2,8,3,2255,2115,1,2220,WN,437,N603SW,66,65,54,101,100,JAX,FLL,318,2,10,0,,0,0,0,1,0,100
2006,8,6,7,1732,1735,1851,1854,UA,329,N902UA,139,139,123,-3,-3,DEN,SAN,853,2,14,0,,0,0,0,0,0,0
2006,10,4,3,1230,855,1354,1022,XE,2628,N16559,84,87,65,212,215,IAH,OKC,395,4,15,0,,0,0,49,0,0,163
2006,11,7,2,1516,1518,1633,1622,FL,310,N952AT,77,64,40,11,-2,ATL,CLT,227,3,34,0,,0,0,0,0,0,0
2006,3,11,6,1208,1207,1413,1419,DL,818,N135DL,245,252,227,-6,1,ATL,SLC,1589,9,9,0,,0,0,0,0,0,0
2006,12,23,6,1424,1340,1534,1506,US,1034,N577US,130,146,113,28,44,PHL,ORD,678,6,11,0,,0,6,0,0,0,22
2006,1,9,1,701,700,1016,1016,DL,623,N388DA,315,316,284,0,1,PHL,SLC,1926,18,13,0,,0,0,0,0,0,0
2006,4,26,3,1901,1900,2223,2219,AA,185,N327AA,382,379,326,4,1,JFK,LAX,2475,14,42,0,,0,0,0,0,0,0
2006,1,28,6,1323,1321,1622,1633,AA,1822,N491AA,119,132,102,-11,2,DFW,DAY,861,6,11,0,,0,0,0,0,0,0
2006,12,19,2,1055,1040,1333,1320,AS,480,N772AS,158,160,128,13,15,SEA,LAX,954,6,24,0,,0,0,0,0,0,0
2006,11,25,6,1515,1520,1741,1801,NW,1738,N762NW,86,101,71,-20,-5,BNA,DTW,457,6,9,0,,0,0,0,0,0,0
2006,1,15,7,1330,1330,1410,1355,WN,1590,N654SW,100,85,85,15,0,SAT,ELP,496,5,10,0,,0,0,0,15,0,0
2006,6,27,2,2159,2200,2242,2238,OO,6061,N233SW,43,38,21,4,-1,LAX,SBA,89,4,18,0,,0,0,0,0,0,0
2006,1,4,3,615,615,725,740,UA,306,N574UA,70,85,53,-15,0,SMF,LAX,373,8,9,0,,0,0,0,0,0,0
2006,9,20,3,749,759,940,947,OH,5131,N915CA,111,108,84,-7,-10,LGA,CMH,478,8,19,0,,0,0,0,0,0,0
2006,8,15,2,2055,2055,2118,2118,OH,5455,N451CA,83,83,67,0,0,CVG,ATW,411,2,14,0,,0,0,0,0,0,0
2006,10,15,7,752,759,915,922,UA,540,N416UA,83,83,63,-7,-7,SNA,SFO,372,4,16,0,,0,0,0,0,0,0
2006,3,4,6,850,855,1430,1505,WN,2617,N406,220,250,210,-35,-5,PHX,RDU,1891,2,8,0,,0,0,0,0,0,0
2006,5,14,7,1309,1315,1428,1435,DL,349,N941DL,79,80,61,-7,-6,DAB,ATL,366,9,9,0,,0,0,0,0,0,0
2006,6,2,5,1159,1155,1302,1307,MQ,3195,N849AE,63,72,50,-5,4,LAX,SJC,308,2,11,0,,0,0,0,0,0,0
2006,7,7,5,1731,1730,1915,1945,WN,1464,N239,224,255,215,-30,1,MDW,SNA,1731,3,6,0,,0,0,0,0,0,0
2006,11,1,3,1341,1345,1542,1555,MQ,3462,N831AE,121,130,109,-13,-4,PIA,DFW,673,5,7,0,,0,0,0,0,0,0
2006,12,15,5,846,845,1203,1022,US,1425,N733UW,197,97,72,101,1,MDT,CLT,413,7,118,0,,0,0,0,101,0,0
2006,9,19,2,453,500,608,619,NW,1212,N759NW,75,79,65,-11,-7,MOT,MSP,449,2,8,0,,0,0,0,0,0,0
2006,4,26,3,1347,1352,1909,1938,AA,2073,N5CEAA,262,286,244,-29,-5,ORD,SJU,2072,4,14,0,,0,0,0,0,0,0
2006,3,16,4,940,930,1040,1030,EV,4275,N839AS,60,60,34,10,10,GSP,ATL,153,12,14,0,,0,0,0,0,0,0
2006,9,16,6,1750,1755,1858,1909,US,1673,N758UW,68,74,54,-11,-5,BUF,PHL,279,4,10,0,,0,0,0,0,0,0
2006,4,22,6,1019,1022,1341,1352,UA,464,N382UA,142,150,127,-11,-3,DEN,MSY,1062,3,12,0,,0,0,0,0,0,0
2006,9,2,6,1611,1620,2359,20,UA,220,N567UA,288,300,265,-21,-9,SFO,IAD,2419,6,17,0,,0,0,0,0,0,0
2006,2,25,6,824,825,929,935,WN,760,N390SW,65,70,55,-6,-1,BUR,OAK,325,4,6,0,,0,0,0,0,0,0
2006,5,23,2,1730,1730,2000,2008,EV,4290,N919EV,90,98,80,-8,0,AEX,ATL,500,0,10,0,,0,0,0,0,0,0
2006,4,14,5,1230,1240,1431,1445,OO,5729,N271YV,121,125,109,-14,-10,RDM,SFO,462,5,7,0,,0,0,0,0,0,0
2006,8,2,3,1456,1458,1520,1532,OO,4018,N464SW,84,94,70,-12,-2,SLC,PSC,521,4,10,0,,0,0,0,0,0,0
2006,9,30,6,1858,1903,2029,2056,UA,861,N318UA,91,113,75,-27,-5,BOS,IAD,413,5,11,0,,0,0,0,0,0,0
2006,8,21,1,1044,1045,1254,1307,AA,521,N3ACAA,130,142,111,-13,-1,DFW,MSP,852,4,15,0,,0,0,0,0,0,0
2006,9,28,4,624,630,756,815,AA,2253,N5CEAA,152,165,135,-19,-6,MCO,ORD,1005,4,13,0,,0,0,0,0,0,0
2006,4,16,7,1732,1730,1831,1845,US,1261,N730UW,59,75,48,-14,2,CLT,JAX,329,3,8,0,,0,0,0,0,0,0
2006,5,2,2,1242,1245,1507,1506,DL,1672,N931DL,145,141,125,1,-3,ATL,BDL,859,8,12,0,,0,0,0,0,0,0
2006,2,2,4,744,747,1100,1111,MQ,3539,N856AE,136,144,117,-11,-3,DFW,GRR,931,5,14,0,,0,0,0,0,0,0
2006,8,16,3,1358,1400,1633,1642,CO,1161,N18611,155,162,119,-9,-2,EWR,ATL,745,8,28,0,,0,0,0,0,0,0
2006,1,6,5,716,718,1030,1022,AA,1660,N525AA,134,124,121,8,-2,DFW,IND,762,2,11,0,,0,0,0,0,0,0
2006,2,2,4,1837,1750,1929,1904,MQ,4179,N510AE,112,134,80,25,47,ATL,ORD,606,14,18,0,,0,0,3,0,0,22
2006,8,16,3,714,715,852,853,OO,4021,N454SW,98,98,80,-1,-1,ABQ,SLC,493,6,12,0,,0,0,0,0,0,0
2006,7,11,2,2002,2010,2058,2127,US,4,N458UW,56,77,41,-29,-8,PHL,ALB,212,5,10,0,,0,0,0,0,0,0
2006,3,11,6,1125,1109,1427,1415,NW,251,N557NW,182,186,159,12,16,FLL,DTW,1127,9,14,0,,0,0,0,0,0,0
2006,4,20,4,1201,1200,1255,1256,AS,517,N644AS,54,56,36,-1,1,SEA,GEG,224,6,12,0,,0,0,0,0,0,0
2006,6,13,2,1422,1425,1536,1535,WN,127,N730MA,74,70,62,1,-3,SNA,SJC,342,4,8,0,,0,0,0,0,0,0
2006,6,16,5,928,935,1127,1140,DL,1403,N902DE,59,65,43,-13,-7,PNS,ATL,272,5,11,0,,0,0,0,0,0,0
2006,1,18,3,1125,1100,1843,1820,CO,556,N33262,258,260,229,23,25,LAX,CLE,2053,12,17,0,,0,5,0,0,0,18
2006,9,15,5,1513,1400,1825,1529,UA,683,N202UA,252,149,104,176,73,LGA,ORD,733,5,143,0,,0,0,0,108,0,68
2006,2,18,6,1309,1200,1403,1256,AS,517,N934AS,54,56,39,67,69,SEA,GEG,224,6,9,0,,0,67,0,0,0,0
2006,1,23,1,930,935,1251,1258,MQ,4459,N616AE,141,143,122,-7,-5,ORD,JAX,865,5,14,0,,0,0,0,0,0,0
2006,10,26,4,556,600,659,708,FL,311,N910AT,63,68,40,-9,-4,CLT,ATL,227,12,11,0,,0,0,0,0,0,0
2006,3,9,4,700,700,836,845,WN,1739,N399WN,96,105,85,-9,0,SEA,SMF,605,2,9,0,,0,0,0,0,0,0
2006,12,5,2,1321,1325,1442,1450,WN,1803,N677AA,81,85,70,-8,-4,SNA,SMF,404,3,8,0,,0,0,0,0,0,0
2006,6,19,1,2101,2105,2125,2134,HA,378,N484HA,24,29,18,-9,-4,LIH,HNL,102,4,2,0,,0,0,0,0,0,0
2006,2,28,2,1945,1924,2107,2035,MQ,4445,N507AE,142,131,96,32,21,ATL,ORD,606,5,41,0,,0,21,0,11,0,0
2006,7,8,6,1435,1435,1606,1610,NW,97,N589NW,211,215,184,-4,0,MSP,SEA,1399,8,19,0,,0,0,0,0,0,0
2006,3,17,5,NA,1835,NA,2110,DL,1408,N942DL,NA,155,NA,NA,NA,PHL,ATL,665,0,0,1,A,0,0,0,0,0,0
2006,12,2,6,654,655,1023,1040,WN,1809,N624SW,149,165,134,-17,-1,MCI,MCO,1072,5,10,0,,0,0,0,0,0,0
2006,8,10,4,1921,1925,2012,2016,HA,392,N484HA,51,51,36,-4,-4,HNL,ITO,216,5,10,0,,0,0,0,0,0,0
2006,5,31,3,NA,823,NA,915,MQ,4401,0,NA,52,NA,NA,NA,CMI,ORD,135,0,0,1,C,0,0,0,0,0,0
2006,1,2,1,650,620,757,736,OH,5202,N488CA,67,76,53,21,30,AVL,CVG,275,1,13,0,,0,0,0,0,21,0
2006,9,17,7,1039,1040,1154,1205,WN,1287,N780,75,85,53,-11,-1,PHL,RDU,336,3,19,0,,0,0,0,0,0,0
2006,2,18,6,643,645,902,910,US,202,N326AW,79,85,48,-8,-2,SNA,PHX,338,8,23,0,,0,0,0,0,0,0
2006,5,20,6,1005,1005,1050,1055,WN,250,N302SW,45,50,35,-5,0,PBI,TPA,174,5,5,0,,0,0,0,0,0,0
2006,3,1,3,1653,1700,1825,1832,UA,1195,N308UA,92,92,67,-7,-7,ORD,MSP,334,6,19,0,,0,0,0,0,0,0
2006,5,12,5,802,805,911,910,FL,318,N994AT,69,65,41,1,-3,ATL,CLT,227,6,22,0,,0,0,0,0,0,0
2006,5,14,7,715,715,941,935,WN,707,N219,146,140,135,6,0,HOU,MDW,937,4,7,0,,0,0,0,0,0,0
2006,1,13,5,921,924,1106,1107,NW,87,N583NW,225,223,200,-1,-3,MSP,PDX,1426,6,19,0,,0,0,0,0,0,0
2006,11,4,6,1416,1422,1548,1600,UA,591,N589UA,152,158,133,-12,-6,DEN,SFO,967,3,16,0,,0,0,0,0,0,0
2006,10,1,7,1801,1755,1927,1905,OO,5751,N292SW,86,70,68,22,6,MOD,LAX,292,9,9,0,,0,0,0,0,0,22
2006,3,24,5,2005,1945,2310,2300,B6,47,N580JB,185,195,148,10,20,JFK,FLL,1069,5,32,0,,0,0,0,0,0,0
2006,3,1,3,1145,1150,1258,1313,MQ,3183,N851AE,73,83,64,-15,-5,SAN,SJC,417,4,5,0,,0,0,0,0,0,0
2006,7,17,1,2212,2215,42,46,UA,586,N583UA,90,91,70,-4,-3,DEN,MCI,533,4,16,0,,0,0,0,0,0,0
2006,11,16,4,1439,1440,1643,1609,XE,2026,N14105,184,149,113,34,-1,EWR,BNA,748,14,57,0,,0,0,0,34,0,0
2006,3,30,4,852,900,1015,1030,CO,481,N77865,263,270,241,-15,-8,CLE,LAS,1825,7,15,0,,0,0,0,0,0,0
2006,7,29,6,2000,1825,2053,1915,WN,2366,N304SW,113,110,86,98,95,DEN,PHX,602,4,23,0,,0,95,0,3,0,0
2006,9,23,6,1506,1445,1553,1535,WN,1886,N672SW,47,50,37,18,21,HOU,SAT,192,3,7,0,,0,0,0,0,0,18
2006,11,14,2,1615,1625,1740,1810,YV,7296,N571ML,85,105,45,-30,-10,PWM,IAD,494,30,10,0,,0,0,0,0,0,0
2006,4,18,2,1802,1705,1852,1752,MQ,3787,N836AE,50,47,27,60,57,DFW,GRK,134,2,21,0,,0,23,0,3,0,34
2006,11,28,2,1908,1910,2220,2225,WN,717,N412,192,195,178,-5,-2,PVD,TPA,1137,4,10,0,,0,0,0,0,0,0
2006,12,14,4,2308,2310,530,601,UA,38,N596UA,262,291,246,-31,-2,OGG,SFO,2338,6,10,0,,0,0,0,0,0,0
2006,8,6,7,1438,1407,1532,1505,OO,5854,N715SK,54,58,28,27,31,MSN,ORD,109,6,20,0,,0,0,0,27,0,0
2006,8,3,4,1335,1324,1455,1443,EV,4280,N834AS,80,79,59,12,11,ATL,DAB,366,3,18,0,,0,0,0,0,0,0
2006,3,15,3,NA,1110,NA,1220,WN,2607,0,NA,70,NA,NA,NA,SJC,LAX,308,0,0,1,B,0,0,0,0,0,0
2006,8,26,6,1400,1240,1655,1545,OH,5147,N371CA,175,185,140,70,80,PWM,ATL,1027,20,15,0,,0,70,0,0,0,0
2006,12,7,4,2136,2135,2249,2300,F9,589,N941FR,73,85,57,-11,1,DEN,SLC,391,7,9,0,,0,0,0,0,0,0
2006,10,24,2,1530,1535,1613,1612,OO,6247,N250YV,43,37,23,1,-5,SFO,SMF,86,4,16,0,,0,0,0,0,0,0
2006,3,2,4,1327,1330,2004,2004,UA,34,N214UA,277,274,259,0,-3,OGG,SFO,2338,3,15,0,,0,0,0,0,0,0
2006,10,11,3,2037,2040,2226,2235,AA,1318,N3AYAA,109,115,87,-9,-3,MIA,ATL,595,9,13,0,,0,0,0,0,0,0
2006,11,14,2,1822,1827,2008,2003,NW,1462,N766NC,106,96,84,5,-5,STL,MSP,449,6,16,0,,0,0,0,0,0,0
2006,5,11,4,1914,1919,2100,2059,YV,6286,N988HA,106,100,80,1,-5,PHX,CLD,306,8,18,0,,0,0,0,0,0,0
2006,4,9,7,1625,1405,1745,1511,US,110,N309AW,80,66,44,154,140,LAS,LAX,236,9,27,0,,0,9,0,14,0,131
2006,12,9,6,1227,1237,1511,1532,FL,821,N920AT,164,175,144,-21,-10,MIA,IND,1021,7,13,0,,0,0,0,0,0,0
2006,8,7,1,1942,1927,2251,2207,AA,1282,N468AA,189,160,168,44,15,TPA,LGA,1011,9,12,0,,0,0,0,44,0,0
2006,9,19,2,722,730,907,918,AS,236,N795AS,105,108,84,-11,-8,PDX,SFO,550,8,13,0,,0,0,0,0,0,0
2006,5,23,2,1859,1900,2110,2027,XE,2147,N14947,131,87,54,43,-1,RIC,EWR,278,15,62,0,,0,0,0,43,0,0
2006,9,4,1,1325,1335,1321,1335,YV,7134,N27185,56,60,35,-14,-10,FWA,ORD,157,13,8,0,,0,0,0,0,0,0
2006,9,11,1,1618,1550,1833,1814,XE,2077,N14186,135,144,99,19,28,EWR,SAV,708,6,30,0,,0,0,0,0,0,19
2006,10,8,7,1534,1540,1737,1747,UA,1542,N448UA,123,127,106,-10,-6,MCO,IAD,758,5,12,0,,0,0,0,0,0,0
2006,7,10,1,2130,2115,2213,2208,FL,378,N933AT,103,113,85,5,15,ATL,MLI,633,5,13,0,,0,0,0,0,0,0
2006,3,21,2,1920,1915,2111,2114,NW,881,N759NW,111,119,98,-3,5,MEM,SAT,625,2,11,0,,0,0,0,0,0,0
2006,7,20,4,1938,1935,2034,2030,DL,393,N909DA,116,115,84,4,3,SLC,SAN,626,3,29,0,,0,0,0,0,0,0
2006,11,17,5,1438,1425,1754,1720,NW,1640,N327NB,136,115,99,34,13,MEM,DCA,762,20,17,0,,0,11,0,21,0,2
2006,9,21,4,1328,1335,1418,1425,F9,783,N941FR,110,110,93,-7,-7,DEN,LAS,629,8,9,0,,0,0,0,0,0,0
2006,5,23,2,1340,1320,1535,1535,WN,1501,N405,235,255,220,0,20,MDW,SAN,1728,5,10,0,,0,0,0,0,0,0
2006,4,25,2,911,848,1615,1558,US,841,N828AW,244,250,208,17,23,PHX,RDU,1891,8,28,0,,0,17,0,0,0,0
2006,12,30,6,833,835,1003,1000,WN,860,N315SW,90,85,78,3,-2,JAX,ORF,543,3,9,0,,0,0,0,0,0,0
2006,8,29,2,1819,1820,2030,2024,AA,1337,N587AA,191,184,161,6,-1,IAD,DFW,1172,9,21,0,,0,0,0,0,0,0
2006,12,18,1,1055,1100,1335,1324,UA,273,N419UA,160,144,134,11,-5,LAX,PDX,834,5,21,0,,0,0,0,0,0,0
2006,3,22,3,2154,2200,2311,2315,US,120,N188UW,77,75,52,-4,-6,CLT,JAX,329,4,21,0,,0,0,0,0,0,0
2006,2,19,7,1342,1240,2047,2019,NW,892,N328NB,245,279,206,28,62,SFO,DTW,2079,12,27,0,,0,22,0,0,0,6
2006,5,18,4,732,745,944,1029,AS,327,N767AS,132,164,120,-45,-13,SNA,PDX,859,4,8,0,,0,0,0,0,0,0
2006,1,26,4,1225,1225,1310,1339,YV,7260,N852MJ,45,74,29,-29,0,EWR,IAD,213,10,6,0,,0,0,0,0,0,0
2006,9,26,2,1427,1430,1536,1546,US,1694,N730UW,69,76,52,-10,-3,PHL,BOS,280,5,12,0,,0,0,0,0,0,0
2006,12,15,5,1746,1735,1934,1930,UA,1567,N440UA,168,175,151,4,11,TPA,ORD,1012,6,11,0,,0,0,0,0,0,0
2006,3,29,3,1409,1415,1736,1754,XE,3070,N14173,147,159,128,-18,-6,MSP,EWR,1008,10,9,0,,0,0,0,0,0,0
2006,7,15,6,1306,1309,1508,1500,MQ,4562,N858AE,122,111,103,8,-3,RDU,BOS,612,8,11,0,,0,0,0,0,0,0
2006,11,1,3,1057,1100,1149,1205,MQ,4672,N721HS,52,65,39,-16,-3,DCA,RDU,227,2,11,0,,0,0,0,0,0,0
2006,3,26,7,2044,2049,2204,2209,MQ,3363,N660CL,80,80,59,-5,-5,DFW,LRD,394,2,19,0,,0,0,0,0,0,0
2006,8,25,5,554,600,657,700,XE,3117,N17984,63,60,42,-3,-6,BUF,CLE,192,6,15,0,,0,0,0,0,0,0
2006,3,12,7,1858,1910,2017,2010,EV,4387,N740EV,79,60,43,7,-12,JAC,SLC,205,29,7,0,,0,0,0,0,0,0
2006,2,6,1,2129,2019,2345,2250,AA,1668,N5FSAA,136,151,113,55,70,MIA,BWI,946,9,14,0,,0,55,0,0,0,0
2006,8,24,4,922,903,1122,1030,DL,1797,N3769L,120,87,65,52,19,ATL,TPA,406,6,49,0,,0,19,0,33,0,0
2006,11,9,4,702,700,751,750,WN,2529,N603SW,49,50,38,1,2,OKC,DAL,181,3,8,0,,0,0,0,0,0,0
2006,1,21,6,1839,1845,1941,1944,OO,6234,N581SW,62,59,48,-3,-6,SFO,RDD,199,2,12,0,,0,0,0,0,0,0
2006,11,20,1,2144,2145,559,546,B6,216,N613JB,315,301,470,13,-1,LGB,JFK,2465,10,15,0,,0,0,0,0,0,0
2006,1,26,4,705,705,1005,1003,UA,295,N541UA,360,358,330,2,0,MCO,SFO,2445,10,20,0,,0,0,0,0,0,0
2006,10,27,5,722,724,800,807,HA,118,N478HA,38,43,26,-7,-2,HNL,KOA,163,5,7,0,,0,0,0,0,0,0
2006,4,1,6,1623,1625,1715,1718,DL,586,N915DL,52,53,32,-3,-2,ATL,GSP,153,6,14,0,,0,0,0,0,0,0
2006,1,23,1,744,739,924,925,OO,5982,N708SK,100,106,75,-1,5,MEM,ORD,491,12,13,0,,0,0,0,0,0,0
2006,3,9,4,1138,715,1226,815,MQ,4577,N705AE,48,60,37,251,263,BGR,BOS,201,5,6,0,,0,251,0,0,0,0
2006,2,15,3,808,815,941,943,MQ,4644,N702AE,93,88,68,-2,-7,RDU,EWR,416,7,18,0,,0,0,0,0,0,0
2006,6,3,6,1819,1835,2046,2055,AS,453,N765AS,147,140,109,-9,-16,LAX,PDX,834,6,32,0,,0,0,0,0,0,0
2006,6,18,7,1054,1057,1314,1323,MQ,4261,N823AE,80,86,63,-9,-3,ORD,PIT,412,5,12,0,,0,0,0,0,0,0
2006,6,9,5,1626,1601,1708,1651,MQ,3231,N376AE,42,50,24,17,25,DFW,ACT,89,6,12,0,,0,17,0,0,0,0
2006,5,16,2,731,730,908,908,DL,1180,N929DL,97,98,80,0,1,ATL,DCA,547,6,11,0,,0,0,0,0,0,0
2006,10,15,7,2300,2230,651,645,B6,498,N535JB,291,315,453,6,30,SEA,BOS,2496,8,10,0,,0,0,0,0,0,0
2006,9,28,4,1928,1930,2032,2037,US,1774,N705UW,64,67,42,-5,-2,CLT,RIC,256,6,16,0,,0,0,0,0,0,0
2006,12,22,5,815,815,954,1002,OO,6393,N975SW,159,167,136,-8,0,ABQ,SFO,896,4,19,0,,0,0,0,0,0,0
2006,7,11,2,1538,1534,1804,1810,TZ,4233,N314TZ,206,216,178,-6,4,LGA,HOU,1428,7,21,0,,0,0,0,0,0,0
2006,3,9,4,606,610,843,843,MQ,4834,N702AE,217,213,195,0,-4,LGA,XNA,1147,3,19,0,,0,0,0,0,0,0
2006,12,30,6,1353,1308,1447,1418,OO,6622,N976SW,114,130,97,29,45,DEN,PSP,776,5,12,0,,0,29,0,0,0,0
2006,6,26,1,1415,1418,1742,1757,CO,1630,N27722,147,159,123,-15,-3,IAH,PBI,956,6,18,0,,0,0,0,0,0,0
2006,8,4,5,1431,1413,1910,1859,AA,1538,N5TUAA,159,166,129,11,18,LAS,DFW,1055,10,20,0,,0,0,0,0,0,0
2006,12,23,6,1747,1736,1845,1841,US,138,N814AW,58,65,45,4,11,SNA,LAS,226,5,8,0,,0,0,0,0,0,0
2006,2,11,6,1125,1100,1345,1332,EV,4393,N936EV,80,92,68,13,25,ATW,CVG,411,6,6,0,,0,0,0,0,0,0
2006,3,18,6,1435,1435,1724,1725,B6,143,N623JB,169,170,141,-1,0,JFK,PBI,1028,5,23,0,,0,0,0,0,0,0
2006,4,23,7,831,815,1015,1014,AA,1573,N551AA,164,179,149,1,16,RDU,DFW,1062,7,8,0,,0,0,0,0,0,0
2006,8,14,1,734,735,839,835,WN,1673,N663SW,65,60,57,4,-1,MDW,STL,251,2,6,0,,0,0,0,0,0,0
2006,6,17,6,1505,1435,1633,1612,EV,4382,N713EV,148,157,136,21,30,MCI,SLC,919,2,10,0,,0,0,21,0,0,0
2006,12,20,3,737,730,1320,1305,AA,610,N290AA,223,215,202,15,7,LAS,ORD,1515,10,11,0,,0,7,0,8,0,0
2006,3,2,4,735,735,825,825,WN,2529,N676SW,50,50,40,0,0,OKC,DAL,181,5,5,0,,0,0,0,0,0,0
2006,9,1,5,1605,1520,1850,1800,B6,77,N633JB,165,160,128,50,45,JFK,MCO,944,8,29,0,,0,4,0,5,0,41
2006,6,2,5,1457,1434,1635,1600,YV,7174,N17217,98,86,54,35,23,CLT,IAD,321,4,40,0,,0,0,0,0,0,35
2006,1,5,4,37,40,508,518,DL,1590,N960DL,151,158,133,-10,-3,DEN,ATL,1199,5,13,0,,0,0,0,0,0,0
2006,12,31,7,1559,1500,1723,1635,WN,399,N379SW,84,95,71,48,59,LAS,OAK,407,5,8,0,,0,5,0,0,0,43
2006,4,24,1,2226,2230,2313,2330,MQ,3061,N390AE,47,60,28,-17,-4,LAX,SAN,109,3,16,0,,0,0,0,0,0,0
2006,8,25,5,1054,1050,1140,1133,OH,4978,N716CA,46,43,25,7,4,CVG,SDF,83,4,17,0,,0,0,0,0,0,0
2006,8,7,1,904,900,1216,1210,F9,401,N929FR,132,130,110,6,4,LAX,DEN,862,4,18,0,,0,0,0,0,0,0
2006,5,23,2,1241,1236,1422,1417,AA,1009,N577AA,221,221,206,5,5,DFW,OAK,1456,2,13,0,,0,0,0,0,0,0
2006,6,21,3,1910,1858,2318,2325,CO,1776,N16217,188,207,171,-7,12,IAH,PHL,1324,5,12,0,,0,0,0,0,0,0
2006,2,17,5,1010,935,1249,1213,US,544,N309AW,99,98,86,36,35,RNO,PHX,601,4,9,0,,0,31,0,1,0,4
2006,2,27,1,1130,1125,1331,1320,NW,305,N595NW,241,235,213,11,5,MSP,LAX,1536,8,20,0,,0,0,0,0,0,0
2006,5,10,3,1903,1900,2355,2345,F9,491,N902FR,172,165,150,10,3,DEN,CAK,1224,6,16,0,,0,0,0,0,0,0
2006,3,31,5,1546,1545,1710,1719,US,112,N425US,84,94,72,-9,1,PIT,BOS,496,4,8,0,,0,0,0,0,0,0
2006,5,8,1,1530,1535,1813,1820,AA,1902,N289AA,103,105,76,-7,-5,COS,DFW,592,16,11,0,,0,0,0,0,0,0
2006,2,9,4,1528,1530,1622,1640,DL,1958,N913DE,54,70,41,-18,-2,DCA,LGA,214,3,10,0,,0,0,0,0,0,0
2006,8,1,2,1242,1245,1512,1530,NW,1156,N330NB,150,165,131,-18,-3,IAH,MSP,1034,7,12,0,,0,0,0,0,0,0
2006,7,23,7,1512,1518,1630,1639,MQ,3388,N634AE,138,141,117,-9,-6,TYS,DFW,772,13,8,0,,0,0,0,0,0,0
2006,12,4,1,850,851,844,845,DL,926,N978DL,54,54,30,-1,-1,ATL,BHM,134,3,21,0,,0,0,0,0,0,0
2006,9,28,4,1733,1735,2015,1842,UA,469,N670UA,222,127,98,93,-2,BWI,ORD,622,12,112,0,,0,0,0,93,0,0
2006,7,26,3,1429,1430,1703,1702,CO,1770,N69311,154,152,130,1,-1,MCO,CLE,895,4,20,0,,0,0,0,0,0,0
2006,12,29,5,1740,1730,1855,1847,OO,6241,N292UX,75,77,54,8,10,SFO,BFL,238,5,16,0,,0,0,0,0,0,0
2006,6,7,3,1633,1615,1820,1808,AA,1219,N591AA,107,113,77,12,18,STL,DFW,551,17,13,0,,0,0,0,0,0,0
2006,1,17,2,1055,1055,1348,1350,WN,1305,N436,173,175,160,-2,0,ISP,TPA,1034,3,10,0,,0,0,0,0,0,0
2006,5,1,1,703,700,855,855,DL,991,N674DL,112,115,86,0,3,FLL,ATL,581,9,17,0,,0,0,0,0,0,0
2006,4,8,6,1754,1800,2127,2101,UA,233,N834UA,393,361,318,26,-6,IAD,SFO,2419,6,69,0,,0,0,0,26,0,0
2006,2,11,6,1937,1854,2131,2115,AA,873,N5CRAA,234,261,209,16,43,ORD,LAX,1745,9,16,0,,0,0,0,15,0,1
2006,8,23,3,1601,1550,1721,1715,WN,2705,N363,80,85,65,6,11,LAS,SJC,386,3,12,0,,0,0,0,0,0,0
2006,3,25,6,1044,1048,1238,1227,AA,1429,N449AA,114,99,73,11,-4,MSY,DFW,448,31,10,0,,0,0,0,0,0,0
2006,6,28,3,2033,2031,2204,2157,DL,1530,N905DL,91,86,62,7,2,ATL,TPA,406,6,23,0,,0,0,0,0,0,0
2006,9,8,5,2005,2005,2123,2126,OH,5180,N374CA,78,81,56,-3,0,CVG,RDU,390,3,19,0,,0,0,0,0,0,0
2006,12,20,3,830,820,940,919,EV,4105,N741EV,130,119,84,21,10,SLC,OAK,588,7,39,0,,0,10,0,11,0,0
2006,10,12,4,1526,1515,2012,2020,AA,2456,N558AA,166,185,147,-8,11,LAX,DFW,1235,9,10,0,,0,0,0,0,0,0
2006,10,28,6,1752,1725,2003,2005,WN,1866,N667SW,131,160,117,-2,27,MCO,PVD,1073,5,9,0,,0,0,0,0,0,0
2006,10,7,6,657,700,820,820,AQ,481,N740AL,83,80,70,0,-3,SMF,SNA,404,3,10,0,,0,0,0,0,0,0
2006,4,24,1,1550,1555,1822,1850,UA,620,N805UA,92,115,80,-28,-5,ORD,DCA,612,2,10,0,,0,0,0,0,0,0
2006,12,21,4,1433,1435,1625,1620,FL,239,N927AT,112,105,88,5,-2,PBI,ATL,545,13,11,0,,0,0,0,0,0,0
2006,10,9,1,1710,1645,1812,1753,YV,2978,N27314,62,68,47,19,25,LAX,LAS,236,5,10,0,,0,19,0,0,0,0
2006,4,6,4,1410,1400,1455,1450,WN,2705,N314SW,45,50,36,5,10,HOU,SAT,192,3,6,0,,0,0,0,0,0,0
2006,12,26,2,1357,1324,1528,1510,FL,640,N959AT,91,106,76,18,33,MCO,PHF,662,4,11,0,,0,0,0,0,0,18
2006,6,25,7,1334,1335,1648,1632,UA,936,N778UA,134,117,111,16,-1,ORD,IAD,589,5,18,0,,0,0,0,16,0,0
2006,12,9,6,1202,1215,1700,1736,NW,1759,N334NB,178,201,163,-36,-13,PSP,MSP,1454,4,11,0,,0,0,0,0,0,0
2006,3,15,3,1106,1102,1256,1251,US,788,N175AW,170,169,155,5,4,PHX,PDX,1009,3,12,0,,0,0,0,0,0,0
2006,9,10,7,2155,2055,2324,2240,OH,5415,N468CA,89,105,75,44,60,BOS,BWI,370,4,10,0,,0,0,44,0,0,0
2006,6,22,4,1151,1155,1328,1324,CO,499,N75861,157,149,129,4,-4,IAH,DEN,861,6,22,0,,0,0,0,0,0,0
2006,10,17,2,2027,2005,2253,2240,WN,556,N462,146,155,123,13,22,TPA,PHL,920,16,7,0,,0,0,0,0,0,0
2006,7,5,3,NA,835,NA,1012,MQ,4871,0,NA,97,NA,NA,NA,LGA,PIT,335,0,0,1,B,0,0,0,0,0,0
2006,1,2,1,840,836,934,934,UA,1511,N484UA,114,118,101,0,4,DEN,LAS,629,3,10,0,,0,0,0,0,0,0
2006,8,3,4,1416,1415,1649,1652,NW,973,N3324L,153,157,135,-3,1,MSP,AUS,1042,8,10,0,,0,0,0,0,0,0
2006,5,18,4,1551,1550,1741,1750,AA,1809,N4YKAA,170,180,150,-9,1,BOS,STL,1046,4,16,0,,0,0,0,0,0,0
2006,1,16,1,1424,1420,1512,1509,OH,5513,N369CA,48,49,36,3,4,CMH,CVG,116,2,10,0,,0,0,0,0,0,0
2006,7,28,5,1414,1414,1511,1515,AA,1906,N434AA,57,61,42,-4,0,DFW,SAT,247,2,13,0,,0,0,0,0,0,0
2006,3,24,5,1055,1045,1229,1155,DL,1418,N963DL,154,130,115,34,10,ATL,MCI,692,6,33,0,,0,0,0,24,0,10
2006,4,11,2,1112,1103,1359,1347,XE,2552,N12967,167,164,143,12,9,MKE,IAH,984,12,12,0,,0,0,0,0,0,0
2006,6,21,3,1350,1326,1652,1628,MQ,3967,N647AE,122,122,87,24,24,ORD,IAD,589,20,15,0,,0,9,0,0,0,15
2006,12,23,6,1315,1315,1521,1540,WN,1252,N751,126,145,114,-19,0,PIT,MCO,834,6,6,0,,0,0,0,0,0,0
2006,11,8,3,1057,1100,1244,1249,DL,543,N618DL,107,109,85,-5,-3,FLL,ATL,581,8,14,0,,0,0,0,0,0,0
2006,2,14,2,1355,1404,1536,1544,AS,54,N745AS,101,100,88,-8,-9,SCC,ANC,626,7,6,0,,0,0,0,0,0,0
2006,9,6,3,1245,1245,1329,1330,WN,661,N412,44,45,30,-1,0,RSW,MCO,133,4,10,0,,0,0,0,0,0,0
2006,11,22,3,1442,1442,1626,1559,OH,5244,N518CA,104,77,63,27,0,RIC,JFK,288,20,21,0,,0,0,0,27,0,0
2006,3,1,3,702,708,746,756,AA,1413,N5TYAA,164,168,145,-10,-6,DFW,LAS,1055,6,13,0,,0,0,0,0,0,0
2006,5,8,1,1439,1440,1621,1619,DL,773,N3734B,102,99,75,2,-1,CVG,ATL,373,7,20,0,,0,0,0,0,0,0
2006,8,29,2,654,700,836,845,AA,1133,N595AA,222,225,205,-9,-6,ORD,LAS,1515,6,11,0,,0,0,0,0,0,0
2006,10,24,2,1530,1513,1650,1625,EV,4154,N705EV,140,132,112,25,17,ATL,OKC,761,3,25,0,,0,0,0,8,17,0
2006,6,9,5,1539,1459,1640,1613,YV,6263,N908FJ,61,74,48,27,40,PHX,SAN,304,3,10,0,,0,27,0,0,0,0
2006,2,18,6,1455,1423,1630,1601,MQ,4723,N832AE,95,98,82,29,32,JFK,RDU,426,3,10,0,,0,0,29,0,0,0
2006,9,13,3,1420,1430,1532,1548,XE,3199,N16511,72,78,50,-16,-10,DCA,CLE,310,11,11,0,,0,0,0,0,0,0
2006,1,2,1,1617,1427,1919,1647,MQ,4380,N515AE,182,140,125,152,110,BTR,ORD,810,11,46,0,,0,0,41,42,0,69
2006,12,26,2,1317,1315,1607,1607,UA,950,N656UA,110,112,92,0,2,ORD,IAD,589,6,12,0,,0,0,0,0,0,0
2006,10,8,7,1747,1745,1837,1850,WN,1315,N349,170,185,157,-13,2,MCI,LAS,1140,4,9,0,,0,0,0,0,0,0
2006,3,28,2,1518,1515,1558,1552,HA,183,N475HA,40,37,24,6,3,HNL,LIH,102,5,11,0,,0,0,0,0,0,0
2006,7,13,4,1114,1110,1345,1405,WN,2318,N364,151,175,143,-20,4,PHX,PDX,1009,2,6,0,,0,0,0,0,0,0
2006,4,20,4,1343,1345,1445,1448,DL,403,N752AT,62,63,38,-3,-2,ATL,JAX,270,5,19,0,,0,0,0,0,0,0
2006,5,5,5,1124,1124,1515,1535,YV,7276,N504MJ,171,191,158,-20,0,AUS,IAD,1297,8,5,0,,0,0,0,0,0,0
2006,6,6,2,1400,1335,1558,1547,EV,4614,N978EV,118,132,91,11,25,AVP,ATL,714,24,3,0,,0,0,0,0,0,0
2006,5,23,2,645,645,746,749,AA,1606,N528AA,61,64,48,-3,0,SAT,DFW,247,5,8,0,,0,0,0,0,0,0
2006,8,11,5,825,813,1145,1144,UA,1220,N306UA,140,151,117,1,12,OAK,DEN,957,6,17,0,,0,0,0,0,0,0
2006,9,3,7,1830,1830,2016,2002,DL,376,N393DA,286,272,261,14,0,CVG,LAX,1900,13,12,0,,0,0,0,0,0,0
2006,10,24,2,1801,1805,1901,1900,AA,1358,N232AA,60,55,37,1,-4,DFW,OKC,175,5,18,0,,0,0,0,0,0,0
2006,11,16,4,659,700,911,918,UA,1144,N383UA,72,78,55,-7,-1,ORD,CLE,316,4,13,0,,0,0,0,0,0,0
2006,9,4,1,2129,2130,2306,2314,DL,1163,N3757D,97,104,73,-8,-1,ATL,DCA,547,3,21,0,,0,0,0,0,0,0
2006,12,19,2,645,600,822,748,UA,1481,N488UA,157,168,140,34,45,TPA,ORD,1012,10,7,0,,0,34,0,0,0,0
2006,10,25,3,1301,1235,1401,1345,WN,1492,N672SW,60,70,52,16,26,CLE,BWI,314,2,6,0,,0,0,0,0,0,16
2006,12,19,2,2115,2115,2234,2224,US,1712,N435US,79,69,56,10,0,DCA,BDL,313,5,18,0,,0,0,0,0,0,0
2006,8,3,4,1934,1931,2101,2058,OO,6437,N938SW,87,87,64,3,3,OAK,LAX,337,7,16,0,,0,0,0,0,0,0
2006,8,10,4,1800,1730,1835,1808,OO,6338,N982SW,35,38,23,27,30,SFO,SMF,86,4,8,0,,0,0,0,0,0,27
2006,5,9,2,610,610,715,700,OO,6750,N906SW,65,50,34,15,0,ATW,ORD,160,9,22,0,,0,15,0,0,0,0
2006,7,8,6,945,945,1031,1035,WN,305,N413,46,50,35,-4,0,HOU,SAT,192,2,9,0,,0,0,0,0,0,0
2006,7,21,5,1611,1614,1919,1924,OO,6551,N969SW,128,130,114,-5,-3,GEG,DEN,836,3,11,0,,0,0,0,0,0,0
2006,4,21,5,1500,1443,1636,1622,AA,1530,N581AA,96,99,75,14,17,DFW,HSV,603,5,16,0,,0,0,0,0,0,0
2006,10,27,5,1537,1540,1900,1855,AA,678,N484AA,143,135,117,5,-3,LAX,DEN,862,5,21,0,,0,0,0,0,0,0
2006,10,7,6,1911,1913,2016,2022,OO,6349,N745SK,65,69,50,-6,-2,BUR,SFO,326,5,10,0,,0,0,0,0,0,0
2006,5,13,6,1759,1800,2120,2136,UA,658,N923UA,141,156,100,-16,-1,ORD,EWR,719,11,30,0,,0,0,0,0,0,0
2006,3,19,7,1024,934,1204,1100,OO,3909,N441SW,100,86,62,64,50,SLC,MSO,436,4,34,0,,0,0,64,0,0,0
2006,4,14,5,1925,1916,2109,2109,AA,1221,N509AA,104,113,84,0,9,OMA,DFW,583,9,11,0,,0,0,0,0,0,0
2006,4,25,2,1935,1940,14,32,CO,796,N34282,159,172,144,-18,-5,LAS,IAH,1222,5,10,0,,0,0,0,0,0,0
2006,7,7,5,1555,1410,1650,1510,EV,4702,N860AS,55,60,33,100,105,ATL,TLH,223,4,18,0,,0,100,0,0,0,0
2006,3,26,7,1727,1731,1830,1838,AA,2296,N573AA,63,67,45,-8,-4,SAT,DFW,247,9,9,0,,0,0,0,0,0,0
2006,5,28,7,1652,1701,1836,1902,OH,4951,N969CA,104,121,89,-26,-9,ALB,CVG,623,3,12,0,,0,0,0,0,0,0
2006,1,31,2,851,900,945,1005,XE,2322,N17507,54,65,41,-20,-9,CLE,GRR,214,3,10,0,,0,0,0,0,0,0
2006,1,23,1,1415,1405,1940,1945,WN,281,N760,205,220,195,-5,10,SAN,BNA,1751,5,5,0,,0,0,0,0,0,0
2006,12,27,3,1359,1400,1545,1545,MQ,4460,N520DC,106,105,88,0,-1,MEM,ORD,491,7,11,0,,0,0,0,0,0,0
2006,8,29,2,1430,1430,1510,1505,YV,1037,N693BR,40,35,24,5,0,HNL,OGG,100,4,12,0,,0,0,0,0,0,0
2006,12,30,6,1217,1205,2001,1945,AA,1520,N7ACAA,284,280,251,16,12,LAX,MIA,2342,12,21,0,,0,12,0,4,0,0
2006,5,2,2,2056,2030,2219,2216,CO,309,N17328,83,106,64,3,26,GSO,EWR,446,6,13,0,,0,0,0,0,0,0
2006,11,12,7,2111,2040,2325,2310,AA,1071,N570AA,254,270,233,15,31,ORD,LAX,1745,6,15,0,,0,4,0,0,0,11
2006,10,31,2,2026,2030,2119,2130,AA,351,N526AA,173,180,156,-11,-4,DFW,LAS,1055,6,11,0,,0,0,0,0,0,0
2006,7,26,3,1134,1135,1640,1640,WN,146,N434,186,185,163,0,-1,LAS,HOU,1235,6,17,0,,0,0,0,0,0,0
2006,8,27,7,1331,1322,1447,1434,EV,4202,N975EV,76,72,35,13,9,ATL,GNV,300,17,24,0,,0,0,0,0,0,0
2006,5,3,3,1104,1100,1140,1129,AQ,110,N818AL,36,29,22,11,4,LIH,HNL,102,3,11,0,,0,0,0,0,0,0
2006,11,17,5,1125,1128,1655,1701,US,322,N677AW,210,213,183,-6,-3,LAS,ORD,1515,6,21,0,,0,0,0,0,0,0
2006,6,18,7,1323,1327,1602,1600,AA,1506,N223AA,159,153,134,2,-4,MCO,LGA,950,3,22,0,,0,0,0,0,0,0
2006,4,18,2,1422,1415,1607,1608,XE,2714,N13979,105,113,90,-1,7,PVD,CLE,540,4,11,0,,0,0,0,0,0,0
2006,5,15,1,932,900,1050,1029,OO,6696,N934SW,78,89,63,21,32,SLC,DEN,391,5,10,0,,0,21,0,0,0,0
2006,5,27,6,1612,1615,1839,1914,AA,759,N538AA,207,239,180,-35,-3,LGA,DFW,1389,7,20,0,,0,0,0,0,0,0
2006,12,15,5,605,605,713,655,EV,4668,N861AS,128,110,94,18,0,SLC,LAX,590,14,20,0,,0,0,0,18,0,0
2006,8,9,3,858,900,1631,1629,DL,1020,N139DL,273,269,235,2,-2,SAN,ATL,1891,11,27,0,,0,0,0,0,0,0
2006,2,19,7,646,642,843,827,NW,561,N346NB,177,165,159,16,4,DCA,MSP,931,6,12,0,,0,0,0,16,0,0
2006,5,27,6,1511,1510,1749,1754,NW,558,N304US,98,104,84,-5,1,MSP,CMH,627,3,11,0,,0,0,0,0,0,0
2006,10,29,7,2140,2145,538,610,DL,1510,N3740C,298,325,277,-32,-5,LAX,BDL,2527,8,13,0,,0,0,0,0,0,0
2006,9,24,7,757,805,1009,1030,UA,1183,N835UA,252,265,231,-21,-8,EWR,DEN,1605,6,15,0,,0,0,0,0,0,0
2006,5,15,1,2033,2032,2202,2204,UA,505,N853UA,149,152,125,-2,1,DEN,OAK,957,15,9,0,,0,0,0,0,0,0
2006,12,12,2,1005,1006,1127,1128,US,202,N819AW,82,82,44,-1,-1,PHX,ABQ,328,5,33,0,,0,0,0,0,0,0
2006,11,16,4,1330,1200,1454,1310,MQ,4514,N736DT,84,70,58,104,90,EWR,BOS,200,7,19,0,,0,0,0,14,0,90
2006,12,23,6,1535,1432,1536,1442,US,196,N822AW,61,70,47,54,63,PHX,SAN,304,2,12,0,,0,54,0,0,0,0
2006,5,3,3,1006,1010,1305,1320,WN,682,N444,119,130,101,-15,-4,HOU,JAX,816,5,13,0,,0,0,0,0,0,0
2006,3,15,3,1847,1839,2333,2328,AA,2468,N348AA,166,169,142,5,8,LAX,DFW,1235,6,18,0,,0,0,0,0,0,0
2006,1,4,3,700,700,824,810,FL,471,N990AT,84,70,53,14,0,ROC,BWI,277,4,27,0,,0,0,0,0,0,0
2006,9,1,5,1939,1935,2215,2210,MQ,3996,N629AE,96,95,69,5,4,ORD,CHA,501,4,23,0,,0,0,0,0,0,0
2006,2,11,6,828,835,947,937,XE,2543,N14920,79,62,46,10,-7,CRP,IAH,201,7,26,0,,0,0,0,0,0,0
2006,12,26,2,841,840,844,845,WN,1130,N408,63,65,53,-1,1,BOI,RNO,335,4,6,0,,0,0,0,0,0,0
2006,11,28,2,600,600,733,733,OH,5075,N969CA,93,93,74,0,0,IAD,CVG,388,4,15,0,,0,0,0,0,0,0
2006,3,14,2,933,930,1117,1126,OO,6208,N221SW,104,116,89,-9,3,SFO,RDM,462,4,11,0,,0,0,0,0,0,0
2006,3,31,5,1242,1215,1338,1309,OO,3790,N427SW,116,114,95,29,27,SLC,BFL,534,6,15,0,,0,29,0,0,0,0
2006,5,1,1,635,635,801,806,YV,6320,N37178,86,91,77,-5,0,BFL,PHX,425,7,2,0,,0,0,0,0,0,0
2006,5,11,4,1319,1322,1630,1626,OO,6570,N713SK,131,124,97,4,-3,DEN,SAT,794,7,27,0,,0,0,0,0,0,0
2006,5,26,5,1522,1515,1732,1724,UA,783,N589UA,250,249,234,8,7,ORD,PDX,1739,2,14,0,,0,0,0,0,0,0
2006,5,10,3,1320,1325,1559,1611,OO,3772,N410SW,99,106,87,-12,-5,EUG,SLC,619,5,7,0,,0,0,0,0,0,0
2006,2,6,1,1432,1430,1733,1734,AA,2285,N3DEAA,181,184,165,-1,2,LGA,MIA,1097,4,12,0,,0,0,0,0,0,0
2006,6,28,3,1149,1130,1922,1921,DL,969,N124DE,273,291,246,1,19,SEA,ATL,2182,7,20,0,,0,0,0,0,0,0
2006,8,18,5,1526,1520,1658,1655,WN,673,N315SW,152,155,138,3,6,MCO,SAT,1040,3,11,0,,0,0,0,0,0,0
2006,9,26,2,711,715,947,1000,AA,861,N638AA,156,165,143,-13,-4,MCO,SJU,1189,3,10,0,,0,0,0,0,0,0
2006,3,31,5,701,655,755,751,DL,1626,N986DL,114,116,94,4,6,ATL,ORD,606,9,11,0,,0,0,0,0,0,0
2006,8,28,1,1135,1055,1234,1215,WN,676,N605SW,59,80,43,19,40,PHL,PVD,238,4,12,0,,0,0,0,0,0,19
2006,11,25,6,1414,1415,1700,1700,NW,1673,N1332U,166,165,147,0,-1,MSP,AUS,1042,6,13,0,,0,0,0,0,0,0
2006,12,24,7,921,920,1041,1046,FL,695,N989AT,80,86,67,-5,1,ATL,SRQ,445,5,8,0,,0,0,0,0,0,0
2006,8,23,3,1912,1920,NA,2109,AA,1221,N4XUAA,NA,109,NA,NA,-8,OMA,DFW,583,0,10,0,,1,0,0,0,0,0
2006,6,22,4,1129,855,1309,1035,AA,863,N4WUAA,160,160,130,154,154,DTW,DFW,987,19,11,0,,0,154,0,0,0,0
2006,5,9,2,700,705,839,849,MQ,3410,N688AE,159,164,142,-10,-5,CAE,DFW,922,9,8,0,,0,0,0,0,0,0
2006,7,4,2,1156,1200,1258,1306,US,2173,N746UW,62,66,45,-8,-4,LGA,DCA,214,4,13,0,,0,0,0,0,0,0
2006,3,25,6,826,827,955,951,MQ,3690,N846AE,89,84,71,4,-1,BTR,DFW,383,10,8,0,,0,0,0,0,0,0
2006,11,25,6,1654,1701,1752,1814,NW,971,N8929E,58,73,41,-22,-7,CMH,DTW,155,4,13,0,,0,0,0,0,0,0
2006,6,21,3,649,654,822,834,UA,518,N826UA,93,100,79,-12,-5,SFO,PDX,550,2,12,0,,0,0,0,0,0,0
2006,12,12,2,1552,1600,1906,1847,AS,431,N613AS,194,167,171,19,-8,SNA,SEA,978,7,16,0,,0,0,0,19,0,0
2006,8,12,6,743,727,853,840,MQ,4501,N732DH,70,73,40,13,16,EWR,BOS,200,4,26,0,,0,0,0,0,0,0
2006,2,23,4,1815,1716,1830,1739,MQ,3936,N802AE,75,83,57,51,59,CVG,ORD,264,8,10,0,,0,0,0,51,0,0
2006,6,14,3,1719,1647,1821,1748,MQ,3657,N685AE,62,61,42,33,32,DFW,TUL,237,3,17,0,,0,27,0,1,0,5
2006,1,8,7,1645,1643,1716,1718,OO,6236,N290SW,31,35,20,-2,2,MRY,SFO,77,3,8,0,,0,0,0,0,0,0
2006,12,25,1,1739,1745,2056,2055,AA,1393,N5FNAA,197,190,172,1,-6,LGA,MIA,1097,7,18,0,,0,0,0,0,0,0
2006,12,22,5,2155,2100,127,6,UA,974,N835UA,152,126,118,81,55,ORD,EWR,719,9,25,0,,0,0,0,31,0,50
2006,10,6,5,818,817,845,844,OO,3787,N915EV,87,87,68,1,1,SLC,RNO,422,4,15,0,,0,0,0,0,0,0
2006,5,5,5,1947,1940,2214,2211,US,69,N434US,147,151,124,3,7,DCA,RSW,892,4,19,0,,0,0,0,0,0,0
2006,10,10,2,722,725,930,935,MQ,4081,N520DC,68,70,43,-5,-3,ORD,CVG,264,9,16,0,,0,0,0,0,0,0
2006,4,9,7,2049,2015,2252,2230,AA,2357,N423AA,123,135,104,22,34,ORD,DFW,802,5,14,0,,0,16,0,0,0,6
2006,1,9,1,1908,1904,2040,2042,AA,1168,N298AA,92,98,73,-2,4,DFW,HSV,603,7,12,0,,0,0,0,0,0,0
2006,6,24,6,1527,1530,22,2355,B6,82,N618JB,355,325,477,27,-3,OAK,JFK,2576,47,11,0,,0,0,0,27,0,0
2006,5,19,5,1615,1615,1715,1718,OH,5289,N816CA,60,63,44,-3,0,CAK,CVG,214,1,15,0,,0,0,0,0,0,0
2006,3,22,3,1152,1155,1248,1255,CO,779,N21723,56,60,37,-7,-3,IAH,SAT,191,2,17,0,,0,0,0,0,0,0
2006,6,8,4,1345,1350,1500,1515,WN,943,N734SW,75,85,61,-15,-5,LAS,SJC,386,4,10,0,,0,0,0,0,0,0
2006,12,2,6,1645,1630,1936,1925,WN,2879,N488,231,235,219,11,15,PHL,HOU,1335,2,10,0,,0,0,0,0,0,0
2006,10,27,5,1046,1050,1311,1309,US,1218,N725UW,145,139,130,2,-4,FLL,DCA,899,3,12,0,,0,0,0,0,0,0
2006,1,2,1,1510,1455,1847,1712,OH,5849,N368CA,217,137,188,95,15,JFK,CVG,589,7,22,0,,0,15,0,80,0,0
2006,12,18,1,707,715,811,822,NW,508,N356NB,64,67,41,-11,-8,OMA,MSP,282,11,12,0,,0,0,0,0,0,0
2006,3,9,4,1626,1610,2255,2243,US,16,N655AW,269,273,250,12,16,PHX,JFK,2153,6,13,0,,0,0,0,0,0,0
2006,8,25,5,1934,1940,2117,2128,DL,697,N946DL,103,108,72,-11,-6,PIT,ATL,526,17,14,0,,0,0,0,0,0,0
2006,7,30,7,1533,1515,1900,1840,WN,293,N662SW,147,145,134,20,18,SAT,TPA,972,4,9,0,,0,6,0,2,0,12
2006,4,29,6,1335,1338,1503,1514,MQ,4124,N672AE,88,96,61,-11,-3,ORD,MSP,334,4,23,0,,0,0,0,0,0,0
2006,12,1,5,1319,1324,1746,1733,NW,584,N591NW,207,189,169,13,-5,MSP,MCO,1310,8,30,0,,0,0,0,0,0,0
2006,3,21,2,1205,1205,1938,1935,WN,1812,N701GS,273,270,235,3,0,LAS,BWI,2106,3,35,0,,0,0,0,0,0,0
2006,1,8,7,1605,1605,1945,1955,EV,4207,N852AS,160,170,136,-10,0,SAT,MCO,1040,17,7,0,,0,0,0,0,0,0
2006,7,2,7,756,800,1055,1112,UA,7,N560UA,359,372,336,-17,-4,JFK,SFO,2586,12,11,0,,0,0,0,0,0,0
2006,1,31,2,1320,1320,1540,1540,WN,1708,N752,80,80,70,0,0,BUR,PHX,369,2,8,0,,0,0,0,0,0,0
2006,5,15,1,1105,1021,1210,1115,MQ,3554,N624AE,65,54,48,55,44,OKC,DFW,175,7,10,0,,0,0,0,11,0,44
2006,9,21,4,1255,1259,1457,1456,DL,1819,N929DL,62,57,38,1,-4,BHM,ATL,134,13,11,0,,0,0,0,0,0,0
2006,12,12,2,1501,1501,1503,1505,DL,1508,N924DL,62,64,42,-2,0,ATL,BNA,214,8,12,0,,0,0,0,0,0,0
2006,12,4,1,1247,1215,1438,1345,MQ,4229,N814AE,171,150,129,53,32,ALB,ORD,723,7,35,0,,0,0,0,53,0,0
2006,5,13,6,1933,1925,2030,2035,WN,2147,N715SW,57,70,50,-5,8,BWI,PVD,328,2,5,0,,0,0,0,0,0,0
2006,1,8,7,1825,1825,1922,1930,WN,2536,N677AA,57,65,50,-8,0,PHX,ABQ,328,2,5,0,,0,0,0,0,0,0
2006,3,2,4,1504,1458,1818,1822,AA,1784,N207AA,134,144,111,-4,6,DEN,ORD,888,15,8,0,,0,0,0,0,0,0
2006,11,18,6,1237,1240,1349,1405,B6,1030,N239JB,72,85,54,-16,-3,JFK,BUF,301,3,15,0,,0,0,0,0,0,0
2006,8,18,5,1859,1900,2259,2310,WN,788,N738,120,130,110,-11,-1,PHX,SAT,843,3,7,0,,0,0,0,0,0,0
2006,10,11,3,1630,1630,1742,1748,XE,2121,N21130,72,78,55,-6,0,LRD,IAH,301,7,10,0,,0,0,0,0,0,0
2006,9,15,5,1910,1854,2032,2020,XE,2219,N19554,142,146,115,12,16,TYS,IAH,772,11,16,0,,0,0,0,0,0,0
2006,7,27,4,528,530,637,647,US,287,N522AU,69,77,57,-10,-2,BWI,CLT,361,3,9,0,,0,0,0,0,0,0
2006,12,26,2,1925,1915,2207,2200,WN,2802,N230,222,225,197,7,10,MDW,PHX,1444,15,10,0,,0,0,0,0,0,0
2006,4,26,3,1005,1005,1115,1130,WN,2054,N662SW,70,85,59,-15,0,BUR,PHX,369,3,8,0,,0,0,0,0,0,0
2006,7,6,4,650,645,718,718,OO,6679,N712SK,88,93,66,0,5,FSD,DEN,483,8,14,0,,0,0,0,0,0,0
2006,4,19,3,1536,1546,1539,1559,OO,6776,N935SW,63,73,46,-20,-10,TVC,ORD,224,9,8,0,,0,0,0,0,0,0
2006,2,6,1,1118,1122,1651,1652,AA,1628,N434AA,213,210,192,-1,-4,SAN,STL,1558,4,17,0,,0,0,0,0,0,0
2006,7,9,7,2105,2110,2143,2156,MQ,3305,N376AE,38,46,24,-13,-5,DFW,ACT,89,3,11,0,,0,0,0,0,0,0
2006,10,6,5,1837,1820,2017,2002,DL,1491,N3730B,280,282,256,15,17,CMH,LAX,1996,12,12,0,,0,1,0,0,0,14
2006,3,26,7,559,611,734,745,OO,5818,N928SW,95,94,70,-11,-12,LNK,ORD,466,12,13,0,,0,0,0,0,0,0
2006,9,11,1,1939,1910,2121,2109,NW,309,N371NW,222,239,189,12,29,MSP,LAX,1536,10,23,0,,0,0,0,0,0,0
2006,2,19,7,1220,1151,1420,1347,OO,6615,N964SW,120,116,87,33,29,DEN,GTF,624,4,29,0,,0,33,0,0,0,0
2006,2,9,4,839,840,1227,1247,UA,81,N669UA,348,367,327,-20,-1,LAX,HNL,2556,5,16,0,,0,0,0,0,0,0
2006,8,28,1,1701,1715,1946,1959,OO,3755,N862AS,105,104,83,-13,-14,BUR,SLC,574,14,8,0,,0,0,0,0,0,0
2006,5,19,5,1055,1051,1707,1653,UA,566,N824UA,252,242,231,14,4,SJC,ORD,1829,9,12,0,,0,0,0,0,0,0
2006,3,11,6,1507,1515,1700,1659,FL,388,N961AT,173,164,151,1,-8,MCO,MLI,1036,4,18,0,,0,0,0,0,0,0
2006,3,3,5,1454,1454,1727,1720,EV,4749,N708EV,153,146,124,7,0,ATL,MHT,952,5,24,0,,0,0,0,0,0,0
2006,7,13,4,747,745,858,905,WN,2686,N628SW,71,80,61,-7,2,PHX,BUR,369,2,8,0,,0,0,0,0,0,0
2006,9,18,1,2109,2115,2205,2215,WN,2253,N770,56,60,47,-10,-6,PHX,SAN,304,2,7,0,,0,0,0,0,0,0
2006,7,31,1,1845,1845,2123,2113,DL,602,N984DL,158,148,120,10,0,ATL,LGA,761,13,25,0,,0,0,0,0,0,0
2006,5,27,6,605,600,823,802,EV,4712,N634AS,78,62,48,21,5,DHN,ATL,171,18,12,0,,0,0,0,21,0,0
2006,8,19,6,1025,1030,1100,1102,YV,1003,N646BR,35,32,23,-2,-5,OGG,HNL,100,7,5,0,,0,0,0,0,0,0
